PART NO.,PART NAME,QTY,SC,MODEL CODE,OUTPUT,SPAN,MATERIAL,P-CONNECT,BOLT-NUT,INSTALL,HOUSING,E-CONNECT,INDICATOR,BRACKET,OPTION:AND,OPTION:OR,OPTION:NOT
F9913VF,Terminal cover for PR option (Red colour),1,,,,,,,,,1,,,,PR,,X2
F9913SA,Case 2 - Terminal Cover,1,,,,,,,,,2,,,,,,"PR,X2"
F9913SB,COVER,1,,,,,,,,,2,,,,PR,,X2
F9913DF,TERMINAL COVER,1,,,,,,,,,3,,,,PR,,X2
F9913TA,Case 1 - Terminal Cover,1,2,,,,,,,,1,,,,,,"PR,X2"
F9913VA,Case 1 - Terminal Cover with /X2,1,2,,,,,,,,1,,,,X2,,PR
F9913CA,Case 3 - Terminal Cover,1,2,,,,,,,,3,,,,,,"PR,X2"
F9913DA,Case 3 - Terminal Cover with /X2,1,2,,,,,,,,3,,,,X2,,PR
F9910LE,O-Ring for Terminal Cover,1,,,,,,,,,,,,,,,HE
F9900GR,O-Ring for Terminal Cover when /HE,1,,,,,,,,,,,,,HE,,
F9341JP,O-Ring for Meter / Blind Cover,1,,,,,,,,,,,,,,,HE
F9900GS,O-Ring for Meter / Blind Cover when /HE,1,,,,,,,,,,,,,HE,,
F9341JS,Zero Screw Cover,1,,,,,,,,,,,,,,,
F9900GZ,"Screw for fixing zero screw cover, Ext. Gr., Int. Gr. & Back board for Case 1 or 2 or Int. Gr. & Back board for Case 3",2,,,,,,,,,,,,,,,
F9900RS,Name Plate,1,,"EJA110E,EJA120E,EJA130E,EJA310E,EJA430E,EJA440E","D,J",,,,,,,,,,,,"JH05,VE,VR"
F9900RS,Name Plate,1,,"EJA110E,EJA120E,EJA130E,EJA310E,EJA430E,EJA440E","D,J",,,,,,,,,,JH05,,"SLT,VE,VR"
F9900RS,Name Plate,1,,"EJA110E,EJA120E,EJA130E,EJA310E,EJA430E,EJA440E","F,G",,,,,,,,,,,,"SLT,VE,VR"
F9900RS,Name Plate,1,,,Q,,,,,,,,,,,,"SLT,VE,VR"
F9900RS,Name Plate,1,,,"D,J",,,,,,,,,,VR,,JH05
F9900RS,Name Plate,1,,,"D,J",,,,,,,,,,VE,,JH05
F9900RS,Name Plate,1,,,F,,,,,,,,,,VR,,SLT
F9900RS,Name Plate,1,,,F,,,,,,,,,,VE,,SLT
F9900RS,Name Plate,1,,,G,,,,,,,,,,VR,,SLT
F9900RS,Name Plate,1,,,G,,,,,,,,,,VE,,SLT
F9900RS,Name Plate,1,,,"D,J",,,,,,,,,,"JH05,VR",,SLT
F9900RS,Name Plate,1,,,"D,J",,,,,,,,,,"JH05,VE",,SLT
F9900RS,Name Plate,1,,,Q,,,,,,,,,,VR,,SLT
F9900RS,Name Plate,1,,,Q,,,,,,,,,,VE,,SLT
F9900RE,Tag Plate,1,,,,,,,,,,,,,,,
F9900RG,"Screw - Name Plate, Tag Plate & Cert. Tag Plate for Case-1 or 3",4,,,,,,,,,"1,3",,,,,,
F9900RR,"Screw - Name Plate, Tag Plate & Cert. Tag Plate for Case-2",4,,,,,,,,,2,,,,,,
F9900GC,Case Lock Screw for Case-1 or 3,2,,,,,,,,,"1,3",,,,,,HC
F9900RH,Case Lock Screw for Case-2 or when /HC option,2,,,,,,,,,"1,3",,,,HC,,
F9900RH,Case Lock Screw for Case-2 or when /HC option,2,,,,,,,,,2,,,,,,
F9900GH,Capsule O-ring,1,,,,,,,,,,,,,,,HE
F9900GT,Capsule O-ring when /HE,1,,,,,,,,,,,,,HE,,
F9903HE,Case 2 - Terminal Cover with /X2,1,,"EJA110E,EJA120E,EJA130E,EJA310E,EJA430E,EJA440E",,,,,,,2,,,,X2,,PR
F9300AF,Capsule Oil seal hole closing plate,2,,"EJA110E,EJA110J,EJA430E,EJA430J,EJA130E,EJA440E,EJA120E,EJA120J",,,,,,,,,,,,,
F9300AF,Capsule Oil seal hole closing plate,1,,"EJA310E,EJA310J",,,,,,,,,,,,,
F9299ZZ,SILICONE RUBBER,0,,,,,,,,,,,,,,,
F9202SJ,SILICONGRE G-40M 1KG,0,,,,,,,,,,,,,,,
C2138DE,TAPES,0,,,,,,,,,,,,,,,
C2051FD,LUBRICANT,0,,,,,,,,,,,,,,,
F9900GE,Rotation Stopper Plate,1,,"EJA110E,EJA110J",,"H,L,M,V","L,S",,,,,,,,,,"HD,HD2"
F9900GD,Rotation Stopper Plate for  EJA110E 'F' cap or Wetted part other than 'S' for EJA110E & EJA430E,1,,"EJA110E,EJA110J",,F,S,,,,,,,,,,
F9900GE,Rotation Stopper Plate,1,,"EJA430E,EJA430J,EJA310E,EJA310J,EJA440E",,,"L,S",,,,,,,,,,
F9900GD,Rotation Stopper Plate for  EJA110E 'F' cap or Wetted part other than 'S' for EJA110E & EJA430E,1,,"EJA110E,EJA110J,EJA430E,EJA430J",,,"A,B,D,H,M,T,W",,,,,,,,,,
F9900GD,Rotation Stopper Plate for  EJA110E 'F' cap or Wetted part other than 'S' for EJA110E & EJA430E,1,,"EJA110E,EJA110J",,"H,M",S,,,,,,,,,"HD,HD2",
F9900RJ,Rotation Stopper Screw,1,,,,,,,,,,,,,,,
F9920BN,Hart/BRAIN - Amp. With Cert,1,,,"D,J",,,,,,,,,,,"CS1,CU1,FS1,FU1,GS11,GS12,GS21,GU11,GU12,GU21,JS4,KS21,KU22,NS21,PS21,SU21,SU22,US1",SLT
F9920BQ,Hart/BRAIN - Amp. w/o Cert,1,,,"D,J",,,,,,,,,,,,"CS1,CU1,FS1,FU1,GS11,GS12,GS21,GU11,GU12,GU21,JS4,KS21,KU22,NS21,PS21,SLT,SU21,SU22,US1"
F9921AD,AMP ASSY,1,,,F,,,,,,,,,,GS16,,
F9921AE,Profi bus - Amp. ,1,,"EJA110E,EJA120E,EJA130E,EJA310E,EJA430E,EJA440E",G,,,,,,,,,,GS16,,
F9920BX,Low Power - Amplifier,1,,,Q,,,,,,,,,,,,SLT
F9920HN,AMP ASSY,1,,,"D,J",,,,,,,,,,SLT,,JH05
F9921AH,Field bus - Amp. With Cert,1,,,F,,,,,,,,,,,,GS16
F9921AJ,AMP ASSY,1,,"EJA110E,EJA120E,EJA130E,EJA310E,EJA430E,EJA440E",G,,,,,,,,,,,,GS16
F9920TT,Brain/Hart - LPT Assy. with Cert,1,,,"D,J",,,,,,,,,,,"GS12,GS21,GU12,GU21,KS21,KU22,SU21,SU22","A,CS1,CU1,FS1,FU1,GS11,GU11,J12,JS4,NS21,PS21,US1"
F9920TX,Low Power - LPT Assy,1,,,Q,,,,,,,,,,,,"A,SLT"
F9920TL,TERMINAL ASSY,1,,,"D,J",,,,,,,,,,J12,,"A,CS1,CU1,FS1,FU1,GS11,GS12,GS21,GU11,GU12,GU21,JS4,NS21,PS21,SU21,SU22,US1"
F9920TP,Brain/Hart - LPT Assy. w/o Cert,1,,,"D,J",,,,,,,,,,,,"A,CS1,CU1,FS1,FU1,GS11,GS12,GS21,GU11,GU12,GU21,J12,JS4,KS21,KU22,NS21,PS21,SLT,SU21,SU22,US1"
F9920VK,LPT ASSY,1,,,"D,J",,,,,,,,,,A,"JS4,NS21,PS21,US1","CS1,CU1,FS1,FU1,GS11,GS12,GS21,GU11,GU12,GU21,J12,KS21,KU22,SU21,SU22"
F9920VS,Brain/Hart - LPT Assy. with Cert & /A ,1,,,"D,J",,,,,,,,,,A,"CS1,CU1,FS1,FU1,GS11,GU11","GS12,GS21,GU12,GU21,J12,JS4,KS21,KU22,NS21,PS21,SU21,SU22,US1"
F9920VT,Brain/Hart - LPT Assy. with Cert & /A ,1,,,"D,J",,,,,,,,,,A,"GS12,GS21,GU12,GU21,KS21,KU22,SU21,SU22","CS1,CU1,FS1,FU1,GS11,GU11,J12,JS4,NS21,PS21,US1"
F9920VY,Low Power - LPT Assy & /A,1,,,Q,,,,,,,,,,A,,SLT
F9920VL,LPT ASSY,1,,,"D,J",,,,,,,,,,"A,J12",,"CS1,CU1,FS1,FU1,GS11,GS12,GS21,GU11,GU12,GU21,JS4,NS21,PS21,SU21,SU22,US1"
F9920VP,Brain/Hart - LPT Assy. w/o Cert & /A,1,,,"D,J",,,,,,,,,,A,,"CS1,CU1,FS1,FU1,GS11,GS12,GS21,GU11,GU12,GU21,J12,JS4,KS21,KU22,NS21,PS21,SLT,SU21,SU22,US1"
F9921TF,Field/Profi Bus - LPT Assy. w/o Cert,1,,"EJA110E,EJA120E,EJA130E,EJA310E,EJA430E,EJA440E",G,,,,,,,,,,,,"A,CS15,FS15,GS16,KS26,NS25,SS26"
F9921VF,Field/Profi Bus - LPT Assy. w/o Cert & /A,1,,"EJA110E,EJA120E,EJA130E,EJA310E,EJA430E,EJA440E",G,,,,,,,,,,A,,"CS15,FS15,GS16,KS26,NS25,SS26"
F9920TS,Brain/Hart - LPT Assy. with Cert ,1,,,"D,J",,,,,,,,,,SLT,,"A,CS1,CU1,FS1,FU1,GS11,GS12,GS21,GU11,GU12,GU21,J12,JH05,JS4,KS21,KU22,NS21,PS21,SU21,SU22,US1"
F9920VS,Brain/Hart - LPT Assy. with Cert & /A ,1,,,"D,J",,,,,,,,,,"A,SLT",,"CS1,CU1,FS1,FU1,GS11,GS12,GS21,GU11,GU12,GU21,J12,JH05,JS4,KS21,KU22,NS21,PS21,SU21,SU22,US1"
F9920TK,TERMINAL ASSY,1,,,"D,J",,,,,,,,,,,"JS4,NS21,PS21,US1","A,CS1,CU1,FS1,FU1,GS11,GS12,GS21,GU11,GU12,GU21,J12,KS21,KU22,SU21,SU22"
F9920TS,Brain/Hart - LPT Assy. with Cert ,1,,,"D,J",,,,,,,,,,,"CS1,CU1,FS1,FU1,GS11,GU11","A,GS12,GS21,GU12,GU21,J12,JS4,KS21,KU22,NS21,PS21,SU21,SU22,US1"
F9921TC,TERMINAL ASSY,1,,,"F,G",,,,,,,,,,GS16,,A
F9921VC,LPT ASSY,1,,,"F,G",,,,,,,,,,"A,GS16",,
F9921TF,Field/Profi Bus - LPT Assy. w/o Cert,1,,,F,,,,,,,,,,,,"A,CS15,FS15,GS16,KS26,NS25,SS26"
F9921TG,Field/Profi Bus - LPT Assy. with Cert,1,,,"F,G",,,,,,,,,,,"CS15,FS15,KS26,NS25,SS26",A
F9921VF,Field/Profi Bus - LPT Assy. w/o Cert & /A,1,,,F,,,,,,,,,,A,,"CS15,FS15,GS16,KS26,NS25,SS26"
F9921VG,Field/Profi Bus - LPT Assy. with Cert & /A,1,,,"F,G",,,,,,,,,,A,"CS15,FS15,KS26,NS25,SS26",
F9342NJ,2-Core Cable,1,,,"D,F,G,J",,,,,,,,,,,,
F9920LU,LCD Assy. w/o SW,1,,,,,,,,,,,D,,,,
F9920LV,LCD Assy. with SW,1,,,,,,,,,,,E,,,,
F9342MK,Nut for LCD Assy.,2,,,,,,,,,,,"D,E",,,,
F9342NF,FF LABEL,0,,,F,,,,,,,,,,,,"VE,VR"
F9342NG,PROFIBUS LABEL,0,,,G,,,,,,,,,,,,"VE,VR"
F9340VC,FLANGE,1,,"EJA110E,EJA110J",,"H,M",S,"0,1,2",,9,,,,N,HD2,"N2,N3","HD,UN"
F9340VD,FLANGE,1,,"EJA110E,EJA110J",,"H,M",S,"3,4,5",,9,,,,N,HD2,"N2,N3","HD,UN"
F9900TA,RC Flange for Inst. 8 or 9.,1,,"EJA110E,EJA110J",,"H,L,M,V",S,"0,1,2,E",,"8,9",,,,,,,"GS,HD,HD2,N1,N2,N3,UN"
F9900TB,Flange for Inst. 8 or 9.,1,,"EJA110E,EJA110J",,"H,L,M,V",S,"3,4,5,F",,"8,9",,,,,,,"GS,HD,HD2,N1,N2,N3,UN"
F9900TC,flange,1,,"EJA110E,EJA110J",,"H,L,M,V",S,"0,1,2",,"2,3,6,7",,,,,,,"HD,HD2,UN"
F9900TD,Flange for Inst. 3 or 7.,1,,"EJA110E,EJA110J",,"H,L,M,V",S,"3,4,5",,"2,3,6,7",,,,,,,"HD,HD2,UN"
F9340VA,FLANGE,1,,"EJA110E,EJA110J",,F,S,"0,1,2",,"8,9",,,,,,,"GS,N1,N2,N3,UN"
F9340VC,FLANGE,1,,"EJA110E,EJA110J",,F,S,"0,1,2",,"2,3,6,7",,,,,,,UN
F9900TA,RC Flange for Inst. 8 or 9.,1,,"EJA430E,EJA430J,EJA310E,EJA310J",,,S,"0,1,2",,"8,9",,,,,,,"GS,N1,N2,N3,UN"
F9900TB,Flange for Inst. 8 or 9.,1,,"EJA430E,EJA430J,EJA310E,EJA310J",,,S,"3,4,5",,"8,9",,,,,,,"GS,N1,N2,N3,UN"
F9900TC,flange,1,,"EJA430E,EJA430J,EJA310E,EJA310J",,,S,"0,1,2",,"2,3,6,7",,,,,,,UN
F9900TD,Flange for Inst. 3 or 7.,1,,"EJA430E,EJA430J,EJA310E,EJA310J",,,S,"3,4,5",,"2,3,6,7",,,,,,,UN
F9900TG,FLANGE,1,,"EJA110E,EJA110J",,"H,L,M,V",S,"0,1,2",,B,,,,,,,"HD,HD2,UN"
F9900TH,"Flange for Inst. ""B"".",1,,"EJA110E,EJA110J",,"H,L,M,V",S,"3,4,5",,B,,,,,,,"HD,HD2,UN"
F9900TU,FLANGE,1,,"EJA110E,EJA110J",,F,S,"0,1,2",,B,,,,,,,UN
F9900TG,FLANGE,1,,"EJA430E,EJA430J,EJA310E,EJA310J",,,S,"0,1,2",,B,,,,,,,UN
F9900TH,"Flange for Inst. ""B"".",1,,"EJA430E,EJA430J,EJA310E,EJA310J",,,S,"3,4,5",,B,,,,,,,UN
F9900UA,FLANGE,1,,"EJA110E,EJA110J",,"H,L,M,V",S,"0,1,2",,U,,,,,,,"HD,HD2,N1,N2,N3,U1,UN"
F9900UB,"Flange for Inst. ""U"".",1,,"EJA110E,EJA110J",,"H,L,M,V",S,"3,4,5",,U,,,,,,,"HD,HD2,N1,N2,N3,U1,UN"
F9900UL,FLANGE,1,,"EJA110E,EJA110J",,F,S,"0,1,2",,U,,,,,,,"N1,N2,N3,U1,UN"
F9900UM,FLANGE,1,,"EJA110E,EJA110J",,F,S,"3,4,5",,U,,,,,,,"N1,N2,N3,U1,UN"
F9900UA,FLANGE,1,,"EJA430E,EJA430J,EJA310E,EJA310J",,,S,"0,1,2",,U,,,,,,,"N1,N2,N3,U1,UN"
F9900UB,"Flange for Inst. ""U"".",1,,"EJA430E,EJA430J,EJA310E,EJA310J",,,S,"3,4,5",,U,,,,,,,"N1,N2,N3,U1,UN"
F9900TM,"Flange for P.C "" W"".",1,,"EJA110E,EJA110J,EJA430E,EJA430J",,,S,"B,C,D,G,W",,9,,,,,,,
F9340RB,FLANGE,1,,"EJA110E,EJA110J",,F,S,"0,1,2",,9,,,,"B,J,N",N1,,"GS,UN"
F9900TK,FLANGE,1,,"EJA110E,EJA110J",,"H,L,M,V",S,"0,1,2",,9,,,,"B,J,N",N1,,"GS,HD,HD2,UN"
F9900TK,FLANGE,1,,"EJA430E,EJA430J,EJA310E,EJA310J",,,S,"0,1,2",,9,,,,"B,J,N",N1,,"GS,UN"
F9340RA,FLANGE,1,,"EJA110E,EJA110J",,F,S,"3,4,5",,9,,,,"B,J,N",N1,,"GS,UN"
F9900TL,Flange for option /U1,1,,"EJA110E,EJA110J",,"H,L,M,V",S,"3,4,5",,9,,,,"B,J,N",N1,,"GS,HD,HD2,UN"
F9900TL,Flange for option /U1,1,,"EJA430E,EJA430J,EJA310E,EJA310J",,,S,"3,4,5",,9,,,,"B,J,N",N1,,"GS,UN"
F9340VC,FLANGE,1,,"EJA110E,EJA110J",,F,S,"0,1,2",,9,,,,N,,"N2,N3",UN
F9900TC,flange,1,,"EJA110E,EJA110J",,"H,L,M,V",S,"0,1,2",,9,,,,N,,"N2,N3","HD,HD2,UN"
F9900TC,flange,1,,"EJA430E,EJA430J,EJA310E,EJA310J",,,S,"0,1,2",,9,,,,N,,"N2,N3",UN
F9900TD,Flange for Inst. 3 or 7.,1,,"EJA110E,EJA110J",,"H,L,M,V",S,"3,4,5",,9,,,,N,,"N2,N3","HD,HD2,UN"
F9900TD,Flange for Inst. 3 or 7.,1,,"EJA430E,EJA430J,EJA310E,EJA310J",,,S,"3,4,5",,9,,,,N,,"N2,N3",UN
F9340RB,FLANGE,1,,EJA110E,,F,S,0,,8,,,,,GS,,UN
F9900TK,FLANGE,1,,EJA110E,,"H,L,M,V",S,0,,8,,,,,GS,,"HD,HD2,UN"
F9900TK,FLANGE,1,,"EJA430E,EJA310E",,,S,0,,8,,,,,GS,,UN
F9340RB,FLANGE,1,,EJA110E,,F,S,0,,9,,,,,GS,,"N1,UN"
F9900TK,FLANGE,1,,EJA110E,,"H,L,M,V",S,0,,9,,,,,GS,,"HD,HD2,N1,UN"
F9900TK,FLANGE,1,,"EJA430E,EJA310E",,,S,0,,9,,,,,GS,,"N1,UN"
F9340RB,FLANGE,1,,EJA110E,,F,S,0,,9,,,,"B,J,N","GS,N1",,UN
F9900TK,FLANGE,1,,EJA110E,,"H,L,M,V",S,0,,9,,,,"B,J,N","GS,N1",,"HD,HD2,UN"
F9900TK,FLANGE,1,,"EJA430E,EJA310E",,,S,0,,9,,,,"B,J,N","GS,N1",,UN
F9997DE,FLANGE,1,,"EJA310E,EJA310J",,,S,"B,G",,9,,,,,,,
F9997DA,FLANGE,1,,"EJA110E,EJA110J",,,S,T,,9,,,,,,,
F9340RA,FLANGE,1,,EJA110E,,F,S,5,,8,,,,,GS,,UN
F9900TL,Flange for option /U1,1,,EJA110E,,"H,L,M,V",S,5,,8,,,,,GS,,"HD,HD2,UN"
F9900TL,Flange for option /U1,1,,"EJA430E,EJA310E",,,S,5,,8,,,,,GS,,UN
F9340RA,FLANGE,1,,EJA110E,,F,S,5,,9,,,,,GS,,"N1,UN"
F9900TL,Flange for option /U1,1,,EJA110E,,"H,L,M,V",S,5,,9,,,,,GS,,"HD,HD2,N1,UN"
F9900TL,Flange for option /U1,1,,"EJA430E,EJA310E",,,S,5,,9,,,,,GS,,"N1,UN"
F9340RA,FLANGE,1,,EJA110E,,F,S,5,,9,,,,"B,J,N","GS,N1",,UN
F9900TL,Flange for option /U1,1,,EJA110E,,"H,L,M,V",S,5,,9,,,,"B,J,N","GS,N1",,"HD,HD2,UN"
F9900TL,Flange for option /U1,1,,"EJA430E,EJA310E",,,S,5,,9,,,,"B,J,N","GS,N1",,UN
F9340VP,FLANGE,1,,"EJA110E,EJA110J,EJA430E,EJA430J",,,"H,M,T","0,1,2",,"8,9",,,,,,,"N1,N2,N3,UN"
F9340VN,FLANGE,1,,"EJA110E,EJA110J,EJA430E,EJA430J",,,"H,M,T","0,1,2",,"2,3,6,7",,,,,,,UN
F9340VS,FLANGE,1,,"EJA110E,EJA110J,EJA430E,EJA430J",,,"A,D","0,1,2",,"8,9",,,,,,,"N1,N2,N3,UN"
F9340VU,FLANGE,1,,"EJA110E,EJA110J,EJA430E,EJA430J",,,"A,D","0,1,2",,"2,3,6,7",,,,,,,UN
F9340VV,FLANGE,1,,"EJA110E,EJA110J,EJA430E,EJA430J",,,"A,D","3,4,5",,"2,3,6,7",,,,,,,UN
F9340TP,COVER FLANGE,1,,"EJA110E,EJA110J,EJA430E,EJA430J",,,B,"0,1,2",,"8,9",,,,,,,"N1,N2,N3,UN"
F9340TN,FLANGE,1,,"EJA110E,EJA110J,EJA430E,EJA430J",,,B,"0,1,2",,"2,3,6,7",,,,,,,UN
F9340TQ,FLANGE,1,,"EJA110E,EJA110J,EJA430E,EJA430J",,,B,"3,4,5",,"2,3,6,7",,,,,,,UN
F9350EV,FLANGE,1,,"EJA110E,EJA110J",,"H,L,M,V",L,"0,1,2",,"8,9",,,,,,,"GS,N1,N2,N3,UN"
F9350EW,Flange - wetted part 'L',1,,"EJA110E,EJA110J",,"H,L,M,V",L,"3,4,5",,"8,9",,,,,,,"GS,N1,N2,N3,UN"
F9350ES,FLANGE,1,,"EJA110E,EJA110J",,"H,L,M,V",L,"0,1,2",,"2,3,6,7",,,,,,,UN
F9350ET,FLANGE,1,,"EJA110E,EJA110J",,"H,L,M,V",L,"3,4,5",,"2,3,6,7",,,,,,,UN
F9350EV,FLANGE,1,,"EJA430E,EJA430J,EJA310E,EJA310J",,,L,"0,1,2",,"8,9",,,,,,,"GS,N1,N2,N3,UN"
F9350EW,Flange - wetted part 'L',1,,"EJA430E,EJA430J,EJA310E,EJA310J",,,L,"3,4,5",,"8,9",,,,,,,"GS,N1,N2,N3,UN"
F9350ES,FLANGE,1,,"EJA430E,EJA430J,EJA310E,EJA310J",,,L,"0,1,2",,"2,3,6,7",,,,,,,UN
F9350ET,FLANGE,1,,"EJA430E,EJA430J,EJA310E,EJA310J",,,L,"3,4,5",,"2,3,6,7",,,,,,,UN
F9340TA,FLANGE,1,,"EJA110E,EJA110J,EJA430E,EJA430J",,,W,"0,1,2",,"8,9",,,,,,,"N1,N2,N3,UN"
F9340TB,FLANGE,1,,"EJA110E,EJA110J,EJA430E,EJA430J",,,W,"3,4,5",,"8,9",,,,,,,"N1,N2,N3,UN"
F9340TC,FLANGE,1,,"EJA110E,EJA110J,EJA430E,EJA430J",,,W,"0,1,2",,"2,3,6,7",,,,,,,UN
F9340TD,FLANGE,1,,"EJA110E,EJA110J,EJA430E,EJA430J",,,W,"3,4,5",,"2,3,6,7",,,,,,,UN
F9340VA,FLANGE,1,,"EJA110E,EJA110J",,"H,M",S,"0,1,2",,"8,9",,,,,,"HD,HD2","GS,N1,N2,N3,UN"
F9340VB,FLANGE,1,,"EJA110E,EJA110J",,"H,M",S,"3,4,5",,"8,9",,,,,,"HD,HD2","GS,N1,N2,N3,UN"
F9340VC,FLANGE,1,,"EJA110E,EJA110J",,"H,M",S,"0,1,2",,"2,3,6,7",,,,,,"HD,HD2",UN
F9340VD,FLANGE,1,,"EJA110E,EJA110J",,"H,M",S,"3,4,5",,"2,3,6,7",,,,,,"HD,HD2",UN
F9900TU,FLANGE,1,,"EJA110E,EJA110J",,"H,M",S,"0,1,2",,B,,,,,,"HD,HD2",UN
F9900TV,FLANGE,1,,"EJA110E,EJA110J",,"H,M",S,"3,4,5",,B,,,,,,"HD,HD2",UN
F9900UL,FLANGE,1,,"EJA110E,EJA110J",,"H,M",S,"0,1,2",,U,,,,,,"HD,HD2","N1,N2,N3,U1,UN"
F9900UM,FLANGE,1,,"EJA110E,EJA110J",,"H,M",S,"3,4,5",,U,,,,,,"HD,HD2","N1,N2,N3,U1,UN"
F9340RB,FLANGE,1,,"EJA110E,EJA110J",,"H,M",S,"0,1,2",,9,,,,"B,J,N",N1,"HD,HD2","GS,UN"
F9340RA,FLANGE,1,,"EJA110E,EJA110J",,"H,M",S,"3,4,5",,9,,,,"B,J,N",N1,"HD,HD2","GS,UN"
F9340VC,FLANGE,1,,"EJA110E,EJA110J",,"H,M",S,"0,1,2",,9,,,,N,HD,"N2,N3","HD2,UN"
F9340VD,FLANGE,1,,"EJA110E,EJA110J",,"H,M",S,"3,4,5",,9,,,,N,HD,"N2,N3","HD2,UN"
F9340RB,FLANGE,1,,EJA110E,,"H,M",S,0,,8,,,,,GS,"HD,HD2",UN
F9340RB,FLANGE,1,,EJA110E,,"H,M",S,0,,9,,,,,GS,"HD,HD2","N1,UN"
F9340RB,FLANGE,1,,EJA110E,,"H,M",S,0,,9,,,,"B,J,N","GS,N1","HD,HD2",UN
F9340RA,FLANGE,1,,EJA110E,,"H,M",S,5,,8,,,,,GS,"HD,HD2",UN
F9340RA,FLANGE,1,,EJA110E,,"H,M",S,5,,9,,,,,GS,"HD,HD2","N1,UN"
F9340RA,FLANGE,1,,EJA110E,,"H,M",S,5,,9,,,,"B,J,N","GS,N1","HD,HD2",UN
F9900TN,FLANGE,1,,"EJA110E,EJA110J",,,S,"P,Q,R",,9,,,,,,,
F9340RB,FLANGE,1,,"EJA110E,EJA110J",,F,S,"0,1,2",,"2,3,6,7,8,9",,,,,UN,,"GS,HD,HD2,MG1,MH1,N1,N2,N3,U1"
F9340RA,FLANGE,1,,"EJA110E,EJA110J",,F,S,"3,4,5",,"2,3,6,7,8,9",,,,,UN,,"GS,HD,HD2,MG1,MH1,N1,N2,N3,U1"
F9900TK,FLANGE,1,,"EJA110E,EJA110J",,"H,M,V",S,"0,1,2",,"2,3,6,7,8,9",,,,,UN,,"GS,HD,HD2,MG1,MH1,N1,N2,N3,U1"
F9900TL,Flange for option /U1,1,,"EJA110E,EJA110J",,"H,M,V",S,"3,4,5",,"2,3,6,7,8,9",,,,,UN,,"GS,HD,HD2,MG1,MH1,N1,N2,N3,U1"
F9900TK,FLANGE,1,,"EJA430E,EJA430J,EJA310E,EJA310J",,,S,"0,1,2",,"2,3,6,7,8,9",,,,,UN,,"GS,MG1,MH1,N1,N2,N3,U1"
F9900TL,Flange for option /U1,1,,"EJA430E,EJA430J,EJA310E,EJA310J",,,S,"3,4,5",,"2,3,6,7,8,9",,,,,UN,,"GS,MG1,MH1,N1,N2,N3,U1"
F9903AA,FLANGE,1,,"EJA110E,EJA110J",,F,S,"0,1,2",,B,,,,,UN,,"HD,HD2,MG1,MH1"
F9903AB,FLANGE,1,,"EJA110E,EJA110J",,F,S,"3,4,5",,B,,,,,UN,,"HD,HD2,MG1,MH1"
F9903AC,FLANGE,1,,"EJA110E,EJA110J",,"H,M,V",S,"0,1,2",,B,,,,,UN,,"HD,HD2,MG1,MH1"
F9903AD,FLANGE,1,,"EJA110E,EJA110J",,"H,M,V",S,"3,4,5",,B,,,,,UN,,"HD,HD2,MG1,MH1"
F9903AC,FLANGE,1,,"EJA430E,EJA430J,EJA310E,EJA310J",,,S,"0,1,2",,B,,,,,UN,,"MG1,MH1"
F9903AD,FLANGE,1,,"EJA430E,EJA430J,EJA310E,EJA310J",,,S,"3,4,5",,B,,,,,UN,,"MG1,MH1"
F9903AE,FLANGE,1,,"EJA110E,EJA110J",,"H,M,V",L,"0,1,2",,"2,3,6,7,8,9",,,,,UN,,"MG1,MH1,N1,N2,N3"
F9903AF,FLANGE,1,,"EJA110E,EJA110J",,"H,M,V",L,"3,4,5",,"2,3,6,7,8,9",,,,,UN,,"MG1,MH1,N1,N2,N3"
F9903AG,FLANGE,1,,"EJA110E,EJA110J",,"H,L,M,V","H,M,T","0,1,2",,"2,3,6,7,8,9",,,,,UN,,"MG1,MH1,N1,N2,N3"
F9903AE,FLANGE,1,,"EJA430E,EJA430J,EJA310E,EJA310J",,,L,"0,1,2",,"2,3,6,7,8,9",,,,,UN,,"MG1,MH1,N1,N2,N3"
F9903AF,FLANGE,1,,"EJA430E,EJA430J,EJA310E,EJA310J",,,L,"3,4,5",,"2,3,6,7,8,9",,,,,UN,,"MG1,MH1,N1,N2,N3"
F9903AG,FLANGE,1,,"EJA430E,EJA430J",,,"H,M,T","0,1,2",,"2,3,6,7,8,9",,,,,UN,,"MG1,MH1,N1,N2,N3"
F9903AH,FLANGE,1,,"EJA110E,EJA110J",,,"A,D","0,1,2",,"2,3,6,7,8,9",,,,,UN,,"MG1,MH1"
F9903AJ,FLANGE,1,,"EJA110E,EJA110J",,,"A,D","3,4,5",,"2,3,6,7,8,9",,,,,UN,,"MG1,MH1"
F9903AK,FLANGE,1,,"EJA110E,EJA110J",,,B,"0,1,2",,"2,3,6,7,8,9",,,,,UN,,"MG1,MH1"
F9903AL,FLANGE,1,,"EJA110E,EJA110J",,,B,"3,4,5",,"2,3,6,7,8,9",,,,,UN,,"MG1,MH1"
F9903AM,FLANGE,1,,"EJA110E,EJA110J",,,W,"0,1,2",,"2,3,6,7,8,9",,,,,UN,,"MG1,MH1"
F9903AN,FLANGE,1,,"EJA110E,EJA110J",,,W,"3,4,5",,"2,3,6,7,8,9",,,,,UN,,"MG1,MH1"
F9903AH,FLANGE,1,,"EJA430E,EJA430J",,,"A,D","0,1,2",,"2,3,6,7,8,9",,,,,UN,,"MG1,MH1"
F9903AJ,FLANGE,1,,"EJA430E,EJA430J",,,"A,D","3,4,5",,"2,3,6,7,8,9",,,,,UN,,"MG1,MH1"
F9903AK,FLANGE,1,,"EJA430E,EJA430J",,,B,"0,1,2",,"2,3,6,7,8,9",,,,,UN,,"MG1,MH1"
F9903AL,FLANGE,1,,"EJA430E,EJA430J",,,B,"3,4,5",,"2,3,6,7,8,9",,,,,UN,,"MG1,MH1"
F9903AM,FLANGE,1,,"EJA430E,EJA430J",,,W,"0,1,2",,"2,3,6,7,8,9",,,,,UN,,"MG1,MH1"
F9903AN,FLANGE,1,,"EJA430E,EJA430J",,,W,"3,4,5",,"2,3,6,7,8,9",,,,,UN,,"MG1,MH1"
F9340RB,FLANGE,1,,EJA110E,,"H,M",S,"0,1,2",,"2,3,6,7,8,9",,,,,UN,"HD,HD2","GS,MG1,MH1,N1,N2,N3,U1"
F9340RA,FLANGE,1,,EJA110E,,"H,M",S,"3,4,5",,"2,3,6,7,8,9",,,,,UN,"HD,HD2","GS,MG1,MH1,N1,N2,N3,U1"
F9903AA,FLANGE,1,,EJA110E,,"H,M",S,"0,1,2",,B,,,,,UN,"HD,HD2","MG1,MH1"
F9903AB,FLANGE,1,,EJA110E,,"H,M",S,"3,4,5",,B,,,,,UN,"HD,HD2","MG1,MH1"
F9900TA,RC Flange for Inst. 8 or 9.,1,,"EJA110E,EJA110J",,"H,L,M,V",S,"0,1,2,C,Q",,"8,9",,,,,,,"GS,HD,HD2,N1,N2,N3,UN"
F9900TB,Flange for Inst. 8 or 9.,1,,"EJA110E,EJA110J",,"H,L,M,V",S,"3,4,5,D,R",,"8,9",,,,,,,"GS,HD,HD2,N1,N2,N3,UN"
F9900TC,flange,1,,"EJA110E,EJA110J",,"H,L,M,V",S,"0,1,2,C,Q",,"2,3,6,7",,,,,,,"HD,HD2,UN"
F9900TD,Flange for Inst. 3 or 7.,1,,"EJA110E,EJA110J",,"H,L,M,V",S,"3,4,5,D,R",,"2,3,6,7",,,,,,,"HD,HD2,UN"
F9340VA,FLANGE,1,,"EJA110E,EJA110J",,F,S,"0,1,2",,"8,9",,,,,,,"GS,N1,N2,N3,UN"
F9340VC,FLANGE,1,,"EJA110E,EJA110J",,F,S,"0,1,2",,"2,3,6,7",,,,,,,UN
F9900TG,FLANGE,1,,"EJA110E,EJA110J",,"H,L,M,V",S,"0,1,2",,B,,,,,,,"HD,HD2,UN"
F9900TH,"Flange for Inst. ""B"".",1,,"EJA110E,EJA110J",,"H,L,M,V",S,"3,4,5",,B,,,,,,,"HD,HD2,UN"
F9900TU,FLANGE,1,,"EJA110E,EJA110J",,F,S,"0,1,2",,B,,,,,,,UN
F9900UA,FLANGE,1,,"EJA110E,EJA110J",,"H,L,M,V",S,"0,1,2",,U,,,,,,,"HD,HD2,N1,N2,N3,U1,UN"
F9900UB,"Flange for Inst. ""U"".",1,,"EJA110E,EJA110J",,"H,L,M,V",S,"3,4,5",,U,,,,,,,"HD,HD2,N1,N2,N3,U1,UN"
F9900UL,FLANGE,1,,"EJA110E,EJA110J",,F,S,"0,1,2",,U,,,,,,,"N1,N2,N3,U1,UN"
F9900UM,FLANGE,1,,"EJA110E,EJA110J",,F,S,"3,4,5",,U,,,,,,,"N1,N2,N3,U1,UN"
F9900TM,"Flange for P.C "" W"".",1,,"EJA110E,EJA110J",,,S,"B,E,F,G,W",,9,,,,,,,
F9900TE,Flange for Inst. 9 (L - side) .,1,,"EJA430E,EJA430J",,,"L,S",,,"8,9",,,,,,,BS
F9900TT,FLANGE,1,,"EJA310E,EJA310J",,,"L,S",,,"2,3,6,7,8,9,U",,,,,,,
F9900TF,Flange for Inst. 7 (L - side) .,1,,"EJA430E,EJA430J",,,"L,S",,,"2,3,6,7",,,,,,,BS
F9900TY,"Flange for Inst. ""B"" (L - side).",1,,"EJA430E,EJA430J",,,S,,,B,,,,,,,BS
F9900TZ,FLANGE,1,,"EJA310E,EJA310J",,,S,,,B,,,,,,,
F9900UK,FLANGE,1,,"EJA430E,EJA430J",,,S,,,U,,,,,,,"BS,N1,N2,N3,U1,UN"
F9340RB,FLANGE,1,,"EJA110E,EJA110J",,F,S,"0,1,2",,9,,,,"B,J,N",N1,,"GS,UN"
F9900TK,FLANGE,1,,"EJA110E,EJA110J",,"H,L,M,V",S,"0,1,2",,9,,,,"B,J,N",N1,,"GS,HD,HD2,UN"
F9340RA,FLANGE,1,,"EJA110E,EJA110J",,F,S,"3,4,5",,9,,,,"B,J,N",N1,,"GS,UN"
F9900TL,Flange for option /U1,1,,"EJA110E,EJA110J",,"H,L,M,V",S,"3,4,5",,9,,,,"B,J,N",N1,,"GS,HD,HD2,UN"
F9340VC,FLANGE,1,,"EJA110E,EJA110J",,F,S,"0,1,2",,9,,,,N,,"N2,N3",UN
F9900TC,flange,1,,"EJA110E,EJA110J",,"H,L,M,V",S,"0,1,2",,9,,,,N,,"N2,N3","HD,HD2,UN"
F9900TD,Flange for Inst. 3 or 7.,1,,"EJA110E,EJA110J",,"H,L,M,V",S,"3,4,5",,9,,,,N,,"N2,N3","HD,HD2,UN"
F9340RB,FLANGE,1,,EJA110E,,F,S,0,,8,,,,,GS,,UN
F9900TK,FLANGE,1,,EJA110E,,"H,L,M,V",S,0,,8,,,,,GS,,"HD,HD2,UN"
F9340RB,FLANGE,1,,EJA110E,,F,S,0,,9,,,,,GS,,"N1,UN"
F9900TK,FLANGE,1,,EJA110E,,"H,L,M,V",S,0,,9,,,,,GS,,"HD,HD2,N1,UN"
F9340RB,FLANGE,1,,EJA110E,,F,S,0,,9,,,,"B,J,N","GS,N1",,UN
F9900TK,FLANGE,1,,EJA110E,,"H,L,M,V",S,0,,9,,,,"B,J,N","GS,N1",,"HD,HD2,UN"
F9340RA,FLANGE,1,,EJA110E,,F,S,5,,8,,,,,GS,,UN
F9900TL,Flange for option /U1,1,,EJA110E,,"H,L,M,V",S,5,,8,,,,,GS,,"HD,HD2,UN"
F9340RA,FLANGE,1,,EJA110E,,F,S,5,,9,,,,,GS,,"N1,UN"
F9900TL,Flange for option /U1,1,,EJA110E,,"H,L,M,V",S,5,,9,,,,,GS,,"HD,HD2,N1,UN"
F9340RA,FLANGE,1,,EJA110E,,F,S,5,,9,,,,"B,J,N","GS,N1",,UN
F9900TL,Flange for option /U1,1,,EJA110E,,"H,L,M,V",S,5,,9,,,,"B,J,N","GS,N1",,"HD,HD2,UN"
F9350EV,FLANGE,1,,"EJA110E,EJA110J",,"H,L,M,V",L,"0,1,2",,"8,9",,,,,,,"GS,N1,N2,N3,UN"
F9350EW,Flange - wetted part 'L',1,,"EJA110E,EJA110J",,"H,L,M,V",L,"3,4,5",,"8,9",,,,,,,"GS,N1,N2,N3,UN"
F9350ES,FLANGE,1,,"EJA110E,EJA110J",,"H,L,M,V",L,"0,1,2",,"2,3,6,7",,,,,,,UN
F9350ET,FLANGE,1,,"EJA110E,EJA110J",,"H,L,M,V",L,"3,4,5",,"2,3,6,7",,,,,,,UN
F9340VP,FLANGE,1,,"EJA110E,EJA110J",,,"H,M,T","0,1,2",,"8,9",,,,,,,"N1,N2,N3,UN"
F9340VN,FLANGE,1,,"EJA110E,EJA110J",,,"H,M,T","0,1,2",,"2,3,6,7",,,,,,,UN
F9340VS,FLANGE,1,,"EJA110E,EJA110J",,,"A,D","0,1,2",,"8,9",,,,,,,"N1,N2,N3,UN"
F9340VU,FLANGE,1,,"EJA110E,EJA110J",,,"A,D","0,1,2",,"2,3,6,7",,,,,,,UN
F9340VV,FLANGE,1,,"EJA110E,EJA110J",,,"A,D","3,4,5",,"2,3,6,7",,,,,,,UN
F9340TP,COVER FLANGE,1,,"EJA110E,EJA110J",,,B,"0,1,2",,"8,9",,,,,,,"N1,N2,N3,UN"
F9340TN,FLANGE,1,,"EJA110E,EJA110J",,,B,"0,1,2",,"2,3,6,7",,,,,,,UN
F9340TQ,FLANGE,1,,"EJA110E,EJA110J",,,B,"3,4,5",,"2,3,6,7",,,,,,,UN
F9340VA,FLANGE,1,,"EJA110E,EJA110J",,"H,M",S,"0,1,2",,"8,9",,,,,,"HD,HD2","GS,N1,N2,N3,UN"
F9340VB,FLANGE,1,,"EJA110E,EJA110J",,"H,M",S,"3,4,5",,"8,9",,,,,,"HD,HD2","GS,N1,N2,N3,UN"
F9340VC,FLANGE,1,,"EJA110E,EJA110J",,"H,M",S,"0,1,2",,"2,3,6,7",,,,,,"HD,HD2",UN
F9340VD,FLANGE,1,,"EJA110E,EJA110J",,"H,M",S,"3,4,5",,"2,3,6,7",,,,,,"HD,HD2",UN
F9900TU,FLANGE,1,,"EJA110E,EJA110J",,"H,M",S,"0,1,2",,B,,,,,,"HD,HD2",UN
F9900TV,FLANGE,1,,"EJA110E,EJA110J",,"H,M",S,"3,4,5",,B,,,,,,"HD,HD2",UN
F9900UL,FLANGE,1,,"EJA110E,EJA110J",,"H,M",S,"0,1,2",,U,,,,,,"HD,HD2","N1,N2,N3,U1,UN"
F9900UM,FLANGE,1,,"EJA110E,EJA110J",,"H,M",S,"3,4,5",,U,,,,,,"HD,HD2","N1,N2,N3,U1,UN"
F9340RB,FLANGE,1,,"EJA110E,EJA110J",,"H,M",S,"0,1,2",,9,,,,"B,J,N",N1,"HD,HD2","GS,UN"
F9340RA,FLANGE,1,,"EJA110E,EJA110J",,"H,M",S,"3,4,5",,9,,,,"B,J,N",N1,"HD,HD2","GS,UN"
F9340VC,FLANGE,1,,"EJA110E,EJA110J",,"H,M",S,"0,1,2",,9,,,,N,HD,"N2,N3","HD2,UN"
F9340VD,FLANGE,1,,"EJA110E,EJA110J",,"H,M",S,"3,4,5",,9,,,,N,HD,"N2,N3","HD2,UN"
F9340RB,FLANGE,1,,EJA110E,,"H,M",S,0,,8,,,,,GS,"HD,HD2",UN
F9340RB,FLANGE,1,,EJA110E,,"H,M",S,0,,9,,,,,GS,"HD,HD2","N1,UN"
F9340RB,FLANGE,1,,EJA110E,,"H,M",S,0,,9,,,,"B,J,N","GS,N1","HD,HD2",UN
F9340RA,FLANGE,1,,EJA110E,,"H,M",S,5,,8,,,,,GS,"HD,HD2",UN
F9340RA,FLANGE,1,,EJA110E,,"H,M",S,5,,9,,,,,GS,"HD,HD2","N1,UN"
F9340RA,FLANGE,1,,EJA110E,,"H,M",S,5,,9,,,,"B,J,N","GS,N1","HD,HD2",UN
F9340VC,FLANGE,1,,"EJA110E,EJA110J",,"H,M",S,"0,1,2",,9,,,,N,HD2,"N2,N3","HD,UN"
F9340VD,FLANGE,1,,"EJA110E,EJA110J",,"H,M",S,"3,4,5",,9,,,,N,HD2,"N2,N3","HD,UN"
F9340TA,FLANGE,1,,"EJA110E,EJA110J",,,W,"0,1,2",,"8,9",,,,,,,"N1,N2,N3,UN"
F9340TB,FLANGE,1,,"EJA110E,EJA110J",,,W,"3,4,5",,"8,9",,,,,,,"N1,N2,N3,UN"
F9340TC,FLANGE,1,,"EJA110E,EJA110J",,,W,"0,1,2",,"2,3,6,7",,,,,,,UN
F9340TD,FLANGE,1,,"EJA110E,EJA110J",,,W,"3,4,5",,"2,3,6,7",,,,,,,UN
F9997DB,FLANGE,1,,"EJA110E,EJA110J",,,S,"P,T",,9,,,,,,,
F9903JR,FLANGE,1,,"EJA430E,EJA430J",,,"L,S","3,4,5",,"8,9",,,,,BS,,
F9903JS,FLANGE,1,,"EJA430E,EJA430J",,,"L,S","0,1,2",,"8,9",,,,,BS,,
F9903JT,FLANGE,1,,"EJA430E,EJA430J",,,"A,B,D,H,M,T,W","3,4,5",,"8,9",,,,,BS,,
F9903JU,FLANGE,1,,"EJA430E,EJA430J",,,"A,B,D,H,M,T,W","0,1,2",,"8,9",,,,,BS,,
F9903AC,FLANGE,1,,"EJA430E,EJA430J",,,S,"0,1,2",,B,,,,,BS,,
F9903AD,FLANGE,1,,"EJA430E,EJA430J",,,S,"3,4,5",,B,,,,,BS,,
F9903JV,FLANGE,1,,"EJA430E,EJA430J",,,S,"3,4,5",,U,,,,,BS,,"N1,N2,N3,U1,UN"
F9903JW,FLANGE,1,,"EJA430E,EJA430J",,,S,"0,1,2",,U,,,,,BS,,"N1,N2,N3,U1,UN"
F9900TK,FLANGE,1,,"EJA430E,EJA430J",,,"L,S","0,1,2",,"2,3,6,7",,,,,BS,,
F9900TL,Flange for option /U1,1,,"EJA430E,EJA430J",,,"L,S","3,4,5",,"2,3,6,7",,,,,BS,,
F9903AG,FLANGE,1,,"EJA430E,EJA430J",,,"A,B,D,H,M,T,W","0,1,2",,"2,3,6,7",,,,,BS,,
F9903JR,FLANGE,1,,EJA430E,,,,"B,G",,"8,9",,,,,BS,,
F9900TL,Flange for option /U1,1,,EJA430E,,,,"B,G",,"2,3,6,7",,,,,BS,,
F9340RB,FLANGE,1,,"EJA110E,EJA110J",,F,S,"0,1,2",,"2,3,6,7,8,9",,,,,UN,,"GS,HD,HD2,MG1,MH1,N1,N2,N3,U1"
F9340RA,FLANGE,1,,"EJA110E,EJA110J",,F,S,"3,4,5",,"2,3,6,7,8,9",,,,,UN,,"GS,HD,HD2,MG1,MH1,N1,N2,N3,U1"
F9900TK,FLANGE,1,,"EJA110E,EJA110J",,"H,M,V",S,"0,1,2",,"2,3,6,7,8,9",,,,,UN,,"GS,HD,HD2,MG1,MH1,N1,N2,N3,U1"
F9900TL,Flange for option /U1,1,,"EJA110E,EJA110J",,"H,M,V",S,"3,4,5",,"2,3,6,7,8,9",,,,,UN,,"GS,HD,HD2,MG1,MH1,N1,N2,N3,U1"
F9903AA,FLANGE,1,,"EJA110E,EJA110J",,F,S,"0,1,2",,B,,,,,UN,,"HD,HD2,MG1,MH1"
F9903AB,FLANGE,1,,"EJA110E,EJA110J",,F,S,"3,4,5",,B,,,,,UN,,"HD,HD2,MG1,MH1"
F9903AC,FLANGE,1,,"EJA110E,EJA110J",,"H,M,V",S,"0,1,2",,B,,,,,UN,,"HD,HD2,MG1,MH1"
F9903AD,FLANGE,1,,"EJA110E,EJA110J",,"H,M,V",S,"3,4,5",,B,,,,,UN,,"HD,HD2,MG1,MH1"
F9903AE,FLANGE,1,,"EJA110E,EJA110J",,"H,M,V",L,"0,1,2",,"2,3,6,7,8,9",,,,,UN,,"MG1,MH1,N1,N2,N3"
F9903AF,FLANGE,1,,"EJA110E,EJA110J",,"H,M,V",L,"3,4,5",,"2,3,6,7,8,9",,,,,UN,,"MG1,MH1,N1,N2,N3"
F9903AG,FLANGE,1,,"EJA110E,EJA110J",,"H,L,M,V","H,M,T","0,1,2",,"2,3,6,7,8,9",,,,,UN,,"MG1,MH1,N1,N2,N3"
F9903AH,FLANGE,1,,"EJA110E,EJA110J",,,"A,D","0,1,2",,"2,3,6,7,8,9",,,,,UN,,"MG1,MH1"
F9903AJ,FLANGE,1,,"EJA110E,EJA110J",,,"A,D","3,4,5",,"2,3,6,7,8,9",,,,,UN,,"MG1,MH1"
F9903AK,FLANGE,1,,"EJA110E,EJA110J",,,B,"0,1,2",,"2,3,6,7,8,9",,,,,UN,,"MG1,MH1"
F9903AL,FLANGE,1,,"EJA110E,EJA110J",,,B,"3,4,5",,"2,3,6,7,8,9",,,,,UN,,"MG1,MH1"
F9903AM,FLANGE,1,,"EJA110E,EJA110J",,,W,"0,1,2",,"2,3,6,7,8,9",,,,,UN,,"MG1,MH1"
F9903AN,FLANGE,1,,"EJA110E,EJA110J",,,W,"3,4,5",,"2,3,6,7,8,9",,,,,UN,,"MG1,MH1"
F9340RB,FLANGE,1,,EJA110E,,"H,M",S,"0,1,2",,"2,3,6,7,8,9",,,,,UN,"HD,HD2","GS,MG1,MH1,N1,N2,N3,U1"
F9340RA,FLANGE,1,,EJA110E,,"H,M",S,"3,4,5",,"2,3,6,7,8,9",,,,,UN,"HD,HD2","GS,MG1,MH1,N1,N2,N3,U1"
F9903AA,FLANGE,1,,EJA110E,,"H,M",S,"0,1,2",,B,,,,,UN,"HD,HD2","MG1,MH1"
F9903AB,FLANGE,1,,EJA110E,,"H,M",S,"3,4,5",,B,,,,,UN,"HD,HD2","MG1,MH1"
F9900EA,Gasket for CPA assembly.,2,,"EJA110E,EJA110J",,"H,L,M,V","L,S",,,,,,,,,,"GS,HD,HD2,MC2,MC3,MD2,MD3"
F9900EA,Gasket for CPA assembly.,2,,"EJA110E,EJA110J",,"H,L,M,V","L,S",W,,,,,,,,,"GS,HD,HD2"
F9900EA,Gasket for CPA assembly.,2,,"EJA310E,EJA310J,EJA430E,EJA430J,EJA440E",,,"L,S",,,,,,,,,,GS
F9900EA,Gasket for CPA assembly.,2,,"EJA310E,EJA310J,EJA430E,EJA430J,EJA440E",,,"L,S",W,,,,,,,,,GS
F9900EH,GASKET,2,,EJA110E,,F,S,"0,5",,"8,9",,,,,GS,,"MG1,MH1,N2,N3,U1"
F9900EF,Gold plated gasket,2,,EJA110E,,"H,L,M,V",S,"0,5",,"8,9",,,,,GS,,"HD,HD2,MG1,MH1,N2,N3,U1"
F9900EF,Gold plated gasket,2,,"EJA310E,EJA430E",,,S,"0,5",,"8,9",,,,,GS,,"MG1,MH1,N2,N3,U1"
F9340GA,GASKET,2,,"EJA110E,EJA110J",,"H,M",S,,,,,,,,,"HD,HD2","GS,MG1,MH1"
F9340GA,GASKET,2,,"EJA110E,EJA110J",,"H,M",S,W,,,,,,,,"HD,HD2","GS,MG1,MH1"
F9900EH,GASKET,2,,EJA110E,,"H,M",S,"0,5",,"8,9",,,,,GS,"HD,HD2","MG1,MH1,N2,N3,U1"
F9903DN,GASKET,2,,"EJA110E,EJA110J",,"H,M",S,,,,,,,,HD2,"MG1,MH1","GS,HD"
F9903DN,GASKET,2,,"EJA110E,EJA110J",,"H,M",S,W,,,,,,,HD2,"MG1,MH1","GS,HD"
F9903DT,GASKET,2,,EJA110E,,"H,M",S,"0,5",,"8,9",,,,,"GS,HD2","MG1,MH1","HD,N2,N3,U1"
F9903DT,GASKET,2,,EJA110E,,F,S,"0,5",,"8,9",,,,,GS,"MG1,MH1","N2,N3,U1"
F9903DU,GASKET,2,,EJA110E,,"H,L,M,V",S,"0,5",,"8,9",,,,,GS,"MG1,MH1","HD,HD2,N2,N3,U1"
F9903DU,GASKET,2,,"EJA310E,EJA430E",,,S,"0,5",,"8,9",,,,,GS,"MG1,MH1","N2,N3,U1"
F9903DN,GASKET,2,,"EJA110E,EJA110J",,"H,M",S,,,,,,,,HD,"MG1,MH1","GS,HD2"
F9903DN,GASKET,2,,"EJA110E,EJA110J",,"H,M",S,W,,,,,,,HD,"MG1,MH1","GS,HD2"
F9903DT,GASKET,2,,EJA110E,,"H,M",S,"0,5",,"8,9",,,,,"GS,HD","MG1,MH1","HD2,N2,N3,U1"
F9340SC,Vent plug for ,2,,"EJA110E,EJA110J,EJA130E,EJA120E,EJA120J",,,"H,M,S,T","0,1,2",,"2,3,6,7",,,,,,,"K1,K2,K41,K42,K45,K46,K5,K6,MG1,MH1,U1,UN"
F9340SC,Vent plug for ,1,,"EJA310E,EJA310J,EJA430E,EJA430J,EJA440E",,,"H,M,S,T","0,1,2",,"2,3,6,7",,,,,,,"K1,K2,K41,K42,K45,K46,K5,K6,MG1,MH1,U1,UN"
F9340SA,"RC Vent plug for Inst. 8,9,B,U.",2,,"EJA110E,EJA110J,EJA130E,EJA120E,EJA120J",,,"H,M,S,T","0,1,2",,"8,9,B,U",,,,,,,"GS,K1,K2,K41,K42,K45,K46,K5,K6,MG1,MH1,N1,N2,N3,UN"
F9340SA,"RC Vent plug for Inst. 8,9,B,U.",1,,"EJA310E,EJA310J,EJA430E,EJA430J,EJA440E",,,"H,M,S,T","0,1,2",,"8,9,B,U",,,,,,,"GS,K1,K2,K41,K42,K45,K46,K5,K6,MG1,MH1,N1,N2,N3,UN"
F9340SD,"Vent plug for Inst. 3,7.",2,,"EJA110E,EJA110J,EJA130E,EJA120E,EJA120J",,,S,"3,4,5",,"2,3,6,7",,,,,,,"K1,K2,K41,K42,K45,K46,K5,K6,MG1,MH1,U1,UN"
F9340SD,"Vent plug for Inst. 3,7.",1,,"EJA310E,EJA310J,EJA430E,EJA430J,EJA440E",,,S,"3,4,5",,"2,3,6,7",,,,,,,"K1,K2,K41,K42,K45,K46,K5,K6,MG1,MH1,U1,UN"
F9340SB,"Vent plug for Inst. 8,9,B,U.",2,,"EJA110E,EJA110J,EJA130E,EJA120E,EJA120J",,,S,"3,4,5",,"8,9,B,U",,,,,,,"GS,K1,K2,K41,K42,K45,K46,K5,K6,MG1,MH1,N1,N2,N3,UN"
F9340SB,"Vent plug for Inst. 8,9,B,U.",1,,"EJA310E,EJA310J,EJA430E,EJA430J,EJA440E",,,S,"3,4,5",,"8,9,B,U",,,,,,,"GS,K1,K2,K41,K42,K45,K46,K5,K6,MG1,MH1,N1,N2,N3,UN"
F9311AA,VENT PLUG,2,,"EJA110E,EJA110J,EJA130E,EJA120E,EJA120J",,,"H,M,S,T","0,1,2",,"2,3,6,7",,,,,U1,,"K1,K2,K41,K42,K45,K46,K5,K6,MG1,MH1,UN"
F9311AA,VENT PLUG,1,,"EJA310E,EJA310J,EJA430E,EJA430J,EJA440E",,,"H,M,S,T","0,1,2",,"2,3,6,7",,,,,U1,,"K1,K2,K41,K42,K45,K46,K5,K6,MG1,MH1,UN"
F9311AG,VENT PLUG,2,,"EJA110E,EJA110J,EJA130E,EJA120E,EJA120J",,,"H,M,S,T","3,4,5",,"2,3,6,7",,,,,U1,,"K1,K2,K41,K42,K45,K46,K5,K6,MG1,MH1,UN"
F9311AG,VENT PLUG,1,,"EJA310E,EJA310J,EJA430E,EJA430J,EJA440E",,,"H,M,S,T","3,4,5",,"2,3,6,7",,,,,U1,,"K1,K2,K41,K42,K45,K46,K5,K6,MG1,MH1,UN"
F9275EC,VENT PLUG,2,,"EJA110E,EJA110J,EJA130E,EJA120E,EJA120J",,,"H,M,S,T","0,1,2",,"2,3,6,7",,,,,,"K1,K2,K41,K42,K45,K46,K5,K6","MG1,MH1,U1,UN"
F9275EC,VENT PLUG,1,,"EJA310E,EJA310J,EJA430E,EJA430J,EJA440E",,,"H,M,S,T","0,1,2",,"2,3,6,7",,,,,,"K1,K2,K41,K42,K45,K46,K5,K6","MG1,MH1,U1,UN"
F9275EC,VENT PLUG,2,,"EJA110E,EJA110J,EJA130E,EJA120E,EJA120J",,,"H,M,S,T","0,1,2",,"8,9,B,U",,,,,,"K1,K2,K41,K42,K45,K46,K5,K6","GS,MG1,MH1,N1,N2,N3,U1,UN"
F9275EC,VENT PLUG,1,,"EJA310E,EJA310J,EJA430E,EJA430J,EJA440E",,,"H,M,S,T","0,1,2",,"8,9,B,U",,,,,,"K1,K2,K41,K42,K45,K46,K5,K6","GS,MG1,MH1,N1,N2,N3,U1,UN"
F9275ED,Vent plug for all /K series,2,,"EJA110E,EJA110J,EJA130E,EJA120E,EJA120J",,"H,M,V",S,"3,4,5",,"2,3,6,7",,,,,,"K1,K2,K41,K42,K45,K46,K5,K6","MG1,MH1,U1,UN"
F9275ED,Vent plug for all /K series,1,,"EJA310E,EJA310J,EJA430E,EJA430J,EJA440E",,,S,"3,4,5",,"2,3,6,7",,,,,,"K1,K2,K41,K42,K45,K46,K5,K6","MG1,MH1,U1,UN"
F9275ED,Vent plug for all /K series,2,,"EJA110E,EJA110J,EJA130E,EJA120E,EJA120J",,"H,M,V",S,"3,4,5",,"8,9,B,U",,,,,,"K1,K2,K41,K42,K45,K46,K5,K6","GS,MG1,MH1,N1,N2,N3,U1,UN"
F9275ED,Vent plug for all /K series,1,,"EJA310E,EJA310J,EJA430E,EJA430J,EJA440E",,,S,"3,4,5",,"8,9,B,U",,,,,,"K1,K2,K41,K42,K45,K46,K5,K6","GS,MG1,MH1,N1,N2,N3,U1,UN"
F9311BA,VENT PLUG,2,,"EJA110E,EJA110J,EJA130E,EJA120E,EJA120J",,,"H,M,S,T","0,1,2",,"2,3,6,7",,,,,U1,"K1,K2,K41,K42,K45,K46,K5,K6","MG1,MH1,UN"
F9311BA,VENT PLUG,1,,"EJA310E,EJA310J,EJA430E,EJA430J,EJA440E",,,"H,M,S,T","0,1,2",,"2,3,6,7",,,,,U1,"K1,K2,K41,K42,K45,K46,K5,K6","MG1,MH1,UN"
F9311BG,VENT PLUG,2,,"EJA110E,EJA110J,EJA130E,EJA120E,EJA120J",,,"H,M,S,T","3,4,5",,"2,3,6,7",,,,,U1,"K1,K2,K41,K42,K45,K46,K5,K6","MG1,MH1,UN"
F9311BG,VENT PLUG,1,,"EJA310E,EJA310J,EJA430E,EJA430J,EJA440E",,,"H,M,S,T","3,4,5",,"2,3,6,7",,,,,U1,"K1,K2,K41,K42,K45,K46,K5,K6","MG1,MH1,UN"
F9350EN,VENT PLUG,2,,"EJA110E,EJA110J",,,L,"0,1,2",,"2,3,6,7",,,,,,,"K1,K2,K41,K42,K45,K46,K5,K6,MG1,MH1,U1,UN"
F9350EN,VENT PLUG,1,,"EJA310E,EJA310J,EJA430E,EJA430J",,,L,"0,1,2",,"2,3,6,7",,,,,,,"K1,K2,K41,K42,K45,K46,K5,K6,MG1,MH1,U1,UN"
F9350EQ,VENT PLUG,2,,"EJA110E,EJA110J",,,L,"0,1,2",,"8,9",,,,,,,"GS,K1,K2,K41,K42,K45,K46,K5,K6,MG1,MH1,N1,N2,N3,UN"
F9350EQ,VENT PLUG,1,,"EJA310E,EJA310J,EJA430E,EJA430J",,,L,"0,1,2",,"8,9",,,,,,,"GS,K1,K2,K41,K42,K45,K46,K5,K6,MG1,MH1,N1,N2,N3,UN"
F9350EP,VENT PLUG,2,,"EJA110E,EJA110J",,,L,"3,4,5",,"2,3,6,7",,,,,,,"K1,K2,K41,K42,K45,K46,K5,K6,MG1,MH1,U1,UN"
F9350EP,VENT PLUG,1,,"EJA310E,EJA310J,EJA430E,EJA430J",,,L,"3,4,5",,"2,3,6,7",,,,,,,"K1,K2,K41,K42,K45,K46,K5,K6,MG1,MH1,U1,UN"
F9350ER,Vent Plug for Mtl code 'L',2,,"EJA110E,EJA110J",,,L,"3,4,5",,"8,9",,,,,,,"GS,K1,K2,K41,K42,K45,K46,K5,K6,MG1,MH1,N1,N2,N3,UN"
F9350ER,Vent Plug for Mtl code 'L',1,,"EJA310E,EJA310J,EJA430E,EJA430J",,,L,"3,4,5",,"8,9",,,,,,,"GS,K1,K2,K41,K42,K45,K46,K5,K6,MG1,MH1,N1,N2,N3,UN"
F9340SG,VENT PLUG,2,,"EJA110E,EJA110J",,,"A,D","0,1,2",,"2,3,6,7",,,,,,,"MG1,MH1,UN"
F9340SG,VENT PLUG,1,,"EJA430E,EJA430J",,,"A,D","0,1,2",,"2,3,6,7",,,,,,,"MG1,MH1,UN"
F9340SE,VENT PLUG,2,,"EJA110E,EJA110J",,,"A,D","0,1,2",,"8,9",,,,,,,"MG1,MH1,UN"
F9340SE,VENT PLUG,1,,"EJA430E,EJA430J",,,"A,D","0,1,2",,"8,9",,,,,,,"MG1,MH1,UN"
F9340SH,VENT PLUG,2,,"EJA110E,EJA110J",,,"A,D","3,4,5",,"2,3,6,7",,,,,,,"MG1,MH1,UN"
F9340SH,VENT PLUG,1,,"EJA430E,EJA430J",,,"A,D","3,4,5",,"2,3,6,7",,,,,,,"MG1,MH1,UN"
F9340SU,VENT PLUG,2,,"EJA110E,EJA110J",,,B,"0,1,2",,"2,3,6,7",,,,,,,"MG1,MH1,UN"
F9340SU,VENT PLUG,1,,"EJA430E,EJA430J",,,B,"0,1,2",,"2,3,6,7",,,,,,,"MG1,MH1,UN"
F9340SS,VENT PLUG R1/4,2,,"EJA110E,EJA110J",,,B,"0,1,2",,"8,9",,,,,,,"MG1,MH1,UN"
F9340SS,VENT PLUG R1/4,1,,"EJA430E,EJA430J",,,B,"0,1,2",,"8,9",,,,,,,"MG1,MH1,UN"
F9340SV,VENT PLUG,2,,"EJA110E,EJA110J",,,B,"3,4,5",,"2,3,6,7",,,,,,,"MG1,MH1,UN"
F9340SV,VENT PLUG,1,,"EJA430E,EJA430J",,,B,"3,4,5",,"2,3,6,7",,,,,,,"MG1,MH1,UN"
F9340SB,"Vent plug for Inst. 8,9,B,U.",1,,"EJA110E,EJA110J",,,S,"D,F,R",,9,,,,,,,"K11,K12,K15,K16,MD2,MD3"
F9340SA,"RC Vent plug for Inst. 8,9,B,U.",1,,"EJA110E,EJA110J",,,"H,M,S,T","C,E,Q",,9,,,,,,,"K11,K12,K15,K16,MD2,MD3"
F9275EC,VENT PLUG,1,,"EJA110E,EJA110J",,,"H,M,S,T","C,E,Q",,9,,,,,,"K11,K12,K15,K16","MD2,MD3"
F9275ED,Vent plug for all /K series,1,,"EJA110E,EJA110J",,"H,M,V",S,"D,F,R",,9,,,,,,"K11,K12,K15,K16","MD2,MD3"
F9340QQ,VENT PLUG,2,,"EJA110E,EJA110J",,,W,"0,1,2",,"2,3,6,7",,,,,,,"MG1,MH1,UN"
F9340QQ,VENT PLUG,1,,"EJA430E,EJA430J",,,W,"0,1,2",,"2,3,6,7",,,,,,,"MG1,MH1,UN"
F9340QN,VENT PLUG,2,,"EJA110E,EJA110J",,,W,"0,1,2",,"8,9",,,,,,,"MG1,MH1,UN"
F9340QN,VENT PLUG,1,,"EJA430E,EJA430J",,,W,"0,1,2",,"8,9",,,,,,,"MG1,MH1,UN"
F9340QR,VENT PLUG,2,,"EJA110E,EJA110J",,,W,"3,4,5",,"2,3,6,7",,,,,,,"MG1,MH1,UN"
F9340QR,VENT PLUG,1,,"EJA430E,EJA430J",,,W,"3,4,5",,"2,3,6,7",,,,,,,"MG1,MH1,UN"
F9340QP,VENT PLUG,2,,"EJA110E,EJA110J",,,W,"3,4,5",,"8,9",,,,,,,"MG1,MH1,UN"
F9340QP,VENT PLUG,1,,"EJA430E,EJA430J",,,W,"3,4,5",,"8,9",,,,,,,"MG1,MH1,UN"
F9270HE,"Vent screw for Inst. 3,7.",2,,"EJA110E,EJA110J,EJA130E,EJA120E,EJA120J",,,S,"0,1,2,3,4,5",,"2,3,6,7",,,,,,,"K1,K2,K41,K42,K45,K46,K5,K6,MG1,MH1,UN"
F9270HE,"Vent screw for Inst. 3,7.",1,,"EJA310E,EJA310J,EJA430E,EJA430J,EJA440E",,,S,"0,1,2,3,4,5",,"2,3,6,7",,,,,,,"K1,K2,K41,K42,K45,K46,K5,K6,MG1,MH1,UN"
D0114PB,"Vent screw for Inst. 8,9,B,U.",2,,"EJA110E,EJA110J,EJA130E,EJA120E,EJA120J",,,S,"0,1,2,3,4,5",,"8,9,B,U",,,,,,,"GS,K1,K2,K41,K42,K45,K46,K5,K6,MG1,MH1,N1,N2,N3,UN"
D0114PB,"Vent screw for Inst. 8,9,B,U.",1,,"EJA310E,EJA310J,EJA430E,EJA430J,EJA440E",,,S,"0,1,2,3,4,5",,"8,9,B,U",,,,,,,"GS,K1,K2,K41,K42,K45,K46,K5,K6,MG1,MH1,N1,N2,N3,UN"
F9275EF,Vent screw for all /K series,2,,"EJA110E,EJA110J,EJA130E,EJA120E,EJA120J",,"H,M,V",S,"0,1,2,3,4,5",,"2,3,6,7",,,,,,"K1,K2,K41,K42,K45,K46,K5,K6","MG1,MH1,UN"
F9275EF,Vent screw for all /K series,1,,"EJA310E,EJA310J,EJA430E,EJA430J,EJA440E",,,S,"0,1,2,3,4,5",,"2,3,6,7",,,,,,"K1,K2,K41,K42,K45,K46,K5,K6","MG1,MH1,UN"
F9275EF,Vent screw for all /K series,2,,"EJA110E,EJA110J,EJA130E,EJA120E,EJA120J",,"H,M,V",S,"0,1,2,3,4,5",,"8,9,B,U",,,,,,"K1,K2,K41,K42,K45,K46,K5,K6","GS,MG1,MH1,N1,N2,N3,UN"
F9275EF,Vent screw for all /K series,1,,"EJA310E,EJA310J,EJA430E,EJA430J,EJA440E",,,S,"0,1,2,3,4,5",,"8,9,B,U",,,,,,"K1,K2,K41,K42,K45,K46,K5,K6","GS,MG1,MH1,N1,N2,N3,UN"
F9340SJ,VENT SCREW,2,,"EJA110E,EJA110J",,,"A,D","0,1,2,3,4,5",,"2,3,6,7",,,,,,,"MG1,MH1,UN"
F9340SJ,VENT SCREW,1,,"EJA430E,EJA430J",,,"A,D","0,1,2,3,4,5",,"2,3,6,7",,,,,,,"MG1,MH1,UN"
F9270HG,VENT SCREW,2,,"EJA110E,EJA110J",,,B,"0,1,2,3,4,5",,"2,3,6,7",,,,,,,"MG1,MH1,UN"
F9270HG,VENT SCREW,1,,"EJA430E,EJA430J",,,B,"0,1,2,3,4,5",,"2,3,6,7",,,,,,,"MG1,MH1,UN"
F9350SX,VENT SCREW,2,,"EJA110E,EJA110J",,,L,"0,1,2,3,4,5",,"2,3,6,7",,,,,,,"K1,K2,K41,K42,K45,K46,K5,K6,MG1,MH1,UN"
F9350SX,VENT SCREW,1,,"EJA310E,EJA310J,EJA430E,EJA430J",,,L,"0,1,2,3,4,5",,"2,3,6,7",,,,,,,"K1,K2,K41,K42,K45,K46,K5,K6,MG1,MH1,UN"
F9350KZ,Vent Screw for Mtl Code 'L',2,,"EJA110E,EJA110J",,,L,"0,1,2,3,4,5",,"8,9",,,,,,,"GS,K1,K2,K41,K42,K45,K46,K5,K6,MG1,MH1,N1,N2,N3,UN"
F9350KZ,Vent Screw for Mtl Code 'L',1,,"EJA310E,EJA310J,EJA430E,EJA430J",,,L,"0,1,2,3,4,5",,"8,9",,,,,,,"GS,K1,K2,K41,K42,K45,K46,K5,K6,MG1,MH1,N1,N2,N3,UN"
D0114PB,"Vent screw for Inst. 8,9,B,U.",1,,"EJA110E,EJA110J",,,S,"C,D,E,F,Q,R",,9,,,,,,,"K11,K12,K15,K16,MD2,MD3"
F9275EF,Vent screw for all /K series,1,,"EJA110E,EJA110J",,"H,M,V",S,"C,D,E,F,Q,R",,9,,,,,,"K11,K12,K15,K16","MD2,MD3"
F9340QT,VENT SCREW,2,,"EJA110E,EJA110J",,,W,"0,1,2,3,4,5",,"8,9",,,,,,,"MG1,MH1,UN"
F9340QT,VENT SCREW,1,,"EJA430E,EJA430J",,,W,"0,1,2,3,4,5",,"8,9",,,,,,,"MG1,MH1,UN"
F9340QS,VENT SCREW,2,,"EJA110E,EJA110J",,,W,"0,1,2,3,4,5",,"2,3,6,7",,,,,,,"MG1,MH1,UN"
F9340QS,VENT SCREW,1,,"EJA430E,EJA430J",,,W,"0,1,2,3,4,5",,"2,3,6,7",,,,,,,"MG1,MH1,UN"
F9200CS,"RC Drain Plug for Inst. 8,9,U.",2,,"EJA110E,EJA110J,EJA130E,EJA120E,EJA120J",,,"H,M,S,T","0,1,2",,"8,9",,,,,,,"GS,MG1,MH1,N1,N2,N3,UN"
F9200CS,"RC Drain Plug for Inst. 8,9,U.",1,,"EJA310E,EJA310J,EJA430E,EJA430J,EJA440E",,,"H,M,S,T","0,1,2",,"8,9",,,,,,,"GS,MG1,MH1,N1,N2,N3,UN"
D0114RZ,"Drain Plug for Inst. 8,9,U.",2,,"EJA110E,EJA110J,EJA130E,EJA120E,EJA120J",,,S,"3,4,5",,"8,9",,,,,,,"GS,MG1,MH1,N1,N2,N3,UN"
D0114RZ,"Drain Plug for Inst. 8,9,U.",1,,"EJA310E,EJA310J,EJA430E,EJA430J,EJA440E",,,S,"3,4,5",,"8,9",,,,,,,"GS,MG1,MH1,N1,N2,N3,UN"
F9200CS,"RC Drain Plug for Inst. 8,9,U.",4,,"EJA110E,EJA110J,EJA130E,EJA120E,EJA120J",,,S,"0,1,2",,U,,,,,,,"MG1,MH1,N1,N2,N3,UN"
F9200CS,"RC Drain Plug for Inst. 8,9,U.",2,,"EJA310E,EJA310J,EJA430E,EJA430J,EJA440E",,,S,"0,1,2",,U,,,,,,,"MG1,MH1,N1,N2,N3,UN"
D0114RZ,"Drain Plug for Inst. 8,9,U.",4,,"EJA110E,EJA110J,EJA130E,EJA120E,EJA120J",,,S,"3,4,5",,U,,,,,,,"MG1,MH1,N1,N2,N3,UN"
D0114RZ,"Drain Plug for Inst. 8,9,U.",2,,"EJA310E,EJA310J,EJA430E,EJA430J,EJA440E",,,S,"3,4,5",,U,,,,,,,"MG1,MH1,N1,N2,N3,UN"
F9340SL,PLUG,2,,"EJA110E,EJA110J",,,"A,D","0,1,2",,"8,9",,,,,,,"MG1,MH1,UN"
F9340SL,PLUG,1,,"EJA430E,EJA430J",,,"A,D","0,1,2",,"8,9",,,,,,,"MG1,MH1,UN"
F9340SW,PLUG R1/4,2,,"EJA110E,EJA110J",,,B,"0,1,2",,"8,9",,,,,,,"MG1,MH1,UN"
F9340SW,PLUG R1/4,1,,"EJA430E,EJA430J",,,B,"0,1,2",,"8,9",,,,,,,"MG1,MH1,UN"
F9350RR,PLUG,2,,"EJA110E,EJA110J",,,L,"0,1,2",,"8,9",,,,,,,"GS,MG1,MH1,N1,N2,N3,UN"
F9350RR,PLUG,1,,"EJA310E,EJA310J,EJA430E,EJA430J",,,L,"0,1,2",,"8,9",,,,,,,"GS,MG1,MH1,N1,N2,N3,UN"
F9350RS,Drain Plug Mtl code 'L',2,,"EJA110E,EJA110J",,,L,"3,4,5",,"8,9",,,,,,,"GS,MG1,MH1,N1,N2,N3,UN"
F9350RS,Drain Plug Mtl code 'L',1,,"EJA310E,EJA310J,EJA430E,EJA430J",,,L,"3,4,5",,"8,9",,,,,,,"GS,MG1,MH1,N1,N2,N3,UN"
D0114RZ,"Drain Plug for Inst. 8,9,U.",1,,"EJA110E,EJA110J",,,S,"D,F",,9,,,,,,,"MD2,MD3"
F9200CS,"RC Drain Plug for Inst. 8,9,U.",1,,"EJA110E,EJA110J",,,"H,M,S,T","C,E",,9,,,,,,,"MD2,MD3"
F9340QU,PLUG,2,,"EJA110E,EJA110J",,,W,"0,1,2",,"8,9",,,,,,,"MG1,MH1,UN"
F9340QU,PLUG,1,,"EJA430E,EJA430J",,,W,"0,1,2",,"8,9",,,,,,,"MG1,MH1,UN"
F9340QV,PLUG,2,,"EJA110E,EJA110J",,,W,"3,4,5",,"8,9",,,,,,,"MG1,MH1,UN"
F9340QV,PLUG,1,,"EJA430E,EJA430J",,,W,"3,4,5",,"8,9",,,,,,,"MG1,MH1,UN"
D0114RZ,"Drain Plug for Inst. 8,9,U.",1,,"EJA110E,EJA110J",,,S,R,,9,,,,,,,"MD2,MD3"
F9200CS,"RC Drain Plug for Inst. 8,9,U.",1,,"EJA110E,EJA110J",,,"H,M,S,T",Q,,9,,,,,,,"MD2,MD3"
F9903BA,VENT PLUG,2,,"EJA110E,EJA110J,EJA130E,EJA120E,EJA120J",,,"H,M,S,T","0,1,2",,"2,3,6,7",,,,,,"MG1,MH1","K1,K2,K41,K42,K45,K46,K5,K6,U1,UN"
F9903BA,VENT PLUG,1,,"EJA310E,EJA310J,EJA430E,EJA430J,EJA440E",,,"H,M,S,T","0,1,2",,"2,3,6,7",,,,,,"MG1,MH1","K1,K2,K41,K42,K45,K46,K5,K6,U1,UN"
F9903BB,VENT PLUG,2,,"EJA110E,EJA110J,EJA130E,EJA120E,EJA120J",,,"H,M,S,T","0,1,2",,"8,9,B,U",,,,,,"MG1,MH1","GS,K1,K2,K41,K42,K45,K46,K5,K6,N1,N2,N3,UN"
F9903BB,VENT PLUG,1,,"EJA310E,EJA310J,EJA430E,EJA430J,EJA440E",,,"H,M,S,T","0,1,2",,"8,9,B,U",,,,,,"MG1,MH1","GS,K1,K2,K41,K42,K45,K46,K5,K6,N1,N2,N3,UN"
F9903BC,VENT PLUG,2,,"EJA110E,EJA110J,EJA130E,EJA120E,EJA120J",,,"H,M,S,T","3,4,5",,"2,3,6,7",,,,,,"MG1,MH1","K1,K2,K41,K42,K45,K46,K5,K6,U1,UN"
F9903BC,VENT PLUG,1,,"EJA310E,EJA310J,EJA430E,EJA430J,EJA440E",,,"H,M,S,T","3,4,5",,"2,3,6,7",,,,,,"MG1,MH1","K1,K2,K41,K42,K45,K46,K5,K6,U1,UN"
F9903BD,Vent Plug (with heat no.),2,,"EJA110E,EJA110J,EJA130E,EJA120E,EJA120J",,,"H,M,S,T","3,4,5",,"8,9,B,U",,,,,,"MG1,MH1","GS,K1,K2,K41,K42,K45,K46,K5,K6,N1,N2,N3,UN"
F9903BD,Vent Plug (with heat no.),1,,"EJA310E,EJA310J,EJA430E,EJA430J,EJA440E",,,"H,M,S,T","3,4,5",,"8,9,B,U",,,,,,"MG1,MH1","GS,K1,K2,K41,K42,K45,K46,K5,K6,N1,N2,N3,UN"
F9903CA,VENT PLUG,2,,"EJA110E,EJA110J,EJA130E,EJA120E,EJA120J",,,"H,M,S,T","0,1,2",,"2,3,6,7",,,,,U1,"MG1,MH1","K1,K2,K41,K42,K45,K46,K5,K6,UN"
F9903CA,VENT PLUG,1,,"EJA310E,EJA310J,EJA430E,EJA430J,EJA440E",,,"H,M,S,T","0,1,2",,"2,3,6,7",,,,,U1,"MG1,MH1","K1,K2,K41,K42,K45,K46,K5,K6,UN"
F9903CC,VENT PLUG,2,,"EJA110E,EJA110J,EJA130E,EJA120E,EJA120J",,,"H,M,S,T","3,4,5",,"2,3,6,7",,,,,U1,"MG1,MH1","K1,K2,K41,K42,K45,K46,K5,K6,UN"
F9903CC,VENT PLUG,1,,"EJA310E,EJA310J,EJA430E,EJA430J,EJA440E",,,"H,M,S,T","3,4,5",,"2,3,6,7",,,,,U1,"MG1,MH1","K1,K2,K41,K42,K45,K46,K5,K6,UN"
F9903BE,VENT PLUG,2,,"EJA110E,EJA110J",,,L,"0,1,2",,"2,3,6,7",,,,,,"MG1,MH1","K1,K2,K41,K42,K45,K46,K5,K6,U1,UN"
F9903BE,VENT PLUG,1,,"EJA310E,EJA310J,EJA430E,EJA430J",,,L,"0,1,2",,"2,3,6,7",,,,,,"MG1,MH1","K1,K2,K41,K42,K45,K46,K5,K6,U1,UN"
F9903BF,VENT PLUG,2,,"EJA110E,EJA110J",,,L,"0,1,2",,"8,9",,,,,,"MG1,MH1","GS,K1,K2,K41,K42,K45,K46,K5,K6,N1,N2,N3,UN"
F9903BF,VENT PLUG,1,,"EJA310E,EJA310J,EJA430E,EJA430J",,,L,"0,1,2",,"8,9",,,,,,"MG1,MH1","GS,K1,K2,K41,K42,K45,K46,K5,K6,N1,N2,N3,UN"
F9903BG,VENT PLUG,2,,"EJA110E,EJA110J",,,L,"3,4,5",,"2,3,6,7",,,,,,"MG1,MH1","K1,K2,K41,K42,K45,K46,K5,K6,U1,UN"
F9903BG,VENT PLUG,1,,"EJA310E,EJA310J,EJA430E,EJA430J",,,L,"3,4,5",,"2,3,6,7",,,,,,"MG1,MH1","K1,K2,K41,K42,K45,K46,K5,K6,U1,UN"
F9903BH,VENT PLUG,2,,"EJA110E,EJA110J",,,L,"3,4,5",,"8,9",,,,,,"MG1,MH1","GS,K1,K2,K41,K42,K45,K46,K5,K6,N1,N2,N3,UN"
F9903BH,VENT PLUG,1,,"EJA310E,EJA310J,EJA430E,EJA430J",,,L,"3,4,5",,"8,9",,,,,,"MG1,MH1","GS,K1,K2,K41,K42,K45,K46,K5,K6,N1,N2,N3,UN"
F9903BW,VENT PLUG,2,,"EJA110E,EJA110J,EJA130E,EJA120E,EJA120J",,,"H,M,S,T","0,1,2",,"2,3,6,7",,,,,MG1,"K1,K2,K41,K42,K45,K46,K5,K6","U1,UN"
F9903BW,VENT PLUG,1,,"EJA310E,EJA310J,EJA430E,EJA430J,EJA440E",,,"H,M,S,T","0,1,2",,"2,3,6,7",,,,,MG1,"K1,K2,K41,K42,K45,K46,K5,K6","U1,UN"
F9903BW,VENT PLUG,2,,"EJA110E,EJA110J,EJA130E,EJA120E,EJA120J",,,"H,M,S,T","0,1,2",,"8,9,B,U",,,,,MG1,"K1,K2,K41,K42,K45,K46,K5,K6","GS,N1,N2,N3,U1,UN"
F9903BW,VENT PLUG,1,,"EJA310E,EJA310J,EJA430E,EJA430J,EJA440E",,,"H,M,S,T","0,1,2",,"8,9,B,U",,,,,MG1,"K1,K2,K41,K42,K45,K46,K5,K6","GS,N1,N2,N3,U1,UN"
F9903BX,VENT PLUG,2,,"EJA110E,EJA110J,EJA130E,EJA120E,EJA120J",,,"H,M,S,T","3,4,5",,"2,3,6,7",,,,,MG1,"K1,K2,K41,K42,K45,K46,K5,K6","U1,UN"
F9903BX,VENT PLUG,1,,"EJA310E,EJA310J,EJA430E,EJA430J,EJA440E",,,"H,M,S,T","3,4,5",,"2,3,6,7",,,,,MG1,"K1,K2,K41,K42,K45,K46,K5,K6","U1,UN"
F9903BX,VENT PLUG,2,,"EJA110E,EJA110J,EJA130E,EJA120E,EJA120J",,,"H,M,S,T","3,4,5",,"8,9,B,U",,,,,MG1,"K1,K2,K41,K42,K45,K46,K5,K6","GS,N1,N2,N3,U1,UN"
F9903BX,VENT PLUG,1,,"EJA310E,EJA310J,EJA430E,EJA430J,EJA440E",,,"H,M,S,T","3,4,5",,"8,9,B,U",,,,,MG1,"K1,K2,K41,K42,K45,K46,K5,K6","GS,N1,N2,N3,U1,UN"
F9903CG,VENT PLUG,2,,"EJA110E,EJA110J,EJA130E,EJA120E,EJA120J",,,"H,M,S,T","0,1,2",,"2,3,6,7",,,,,"MG1,U1","K1,K2,K41,K42,K45,K46,K5,K6",UN
F9903CG,VENT PLUG,1,,"EJA310E,EJA310J,EJA430E,EJA430J,EJA440E",,,"H,M,S,T","0,1,2",,"2,3,6,7",,,,,"MG1,U1","K1,K2,K41,K42,K45,K46,K5,K6",UN
F9903CJ,VENT PLUG,2,,"EJA110E,EJA110J,EJA130E,EJA120E,EJA120J",,,"H,M,S,T","3,4,5",,"2,3,6,7",,,,,"MG1,U1","K1,K2,K41,K42,K45,K46,K5,K6",UN
F9903CJ,VENT PLUG,1,,"EJA310E,EJA310J,EJA430E,EJA430J,EJA440E",,,"H,M,S,T","3,4,5",,"2,3,6,7",,,,,"MG1,U1","K1,K2,K41,K42,K45,K46,K5,K6",UN
F9903BW,VENT PLUG,2,,"EJA110E,EJA110J,EJA130E,EJA120E,EJA120J",,,"H,M,S,T","0,1,2",,"2,3,6,7",,,,,MH1,"K1,K2,K41,K42,K45,K46,K5,K6","U1,UN"
F9903BW,VENT PLUG,1,,"EJA310E,EJA310J,EJA430E,EJA430J,EJA440E",,,"H,M,S,T","0,1,2",,"2,3,6,7",,,,,MH1,"K1,K2,K41,K42,K45,K46,K5,K6","U1,UN"
F9903BW,VENT PLUG,2,,"EJA110E,EJA110J,EJA130E,EJA120E,EJA120J",,,"H,M,S,T","0,1,2",,"8,9,B,U",,,,,MH1,"K1,K2,K41,K42,K45,K46,K5,K6","GS,N1,N2,N3,U1,UN"
F9903BW,VENT PLUG,1,,"EJA310E,EJA310J,EJA430E,EJA430J,EJA440E",,,"H,M,S,T","0,1,2",,"8,9,B,U",,,,,MH1,"K1,K2,K41,K42,K45,K46,K5,K6","GS,N1,N2,N3,U1,UN"
F9903BX,VENT PLUG,2,,"EJA110E,EJA110J,EJA130E,EJA120E,EJA120J",,,"H,M,S,T","3,4,5",,"2,3,6,7",,,,,MH1,"K1,K2,K41,K42,K45,K46,K5,K6","U1,UN"
F9903BX,VENT PLUG,1,,"EJA310E,EJA310J,EJA430E,EJA430J,EJA440E",,,"H,M,S,T","3,4,5",,"2,3,6,7",,,,,MH1,"K1,K2,K41,K42,K45,K46,K5,K6","U1,UN"
F9903BX,VENT PLUG,2,,"EJA110E,EJA110J,EJA130E,EJA120E,EJA120J",,,"H,M,S,T","3,4,5",,"8,9,B,U",,,,,MH1,"K1,K2,K41,K42,K45,K46,K5,K6","GS,N1,N2,N3,U1,UN"
F9903BX,VENT PLUG,1,,"EJA310E,EJA310J,EJA430E,EJA430J,EJA440E",,,"H,M,S,T","3,4,5",,"8,9,B,U",,,,,MH1,"K1,K2,K41,K42,K45,K46,K5,K6","GS,N1,N2,N3,U1,UN"
F9903CG,VENT PLUG,2,,"EJA110E,EJA110J,EJA130E,EJA120E,EJA120J",,,"H,M,S,T","0,1,2",,"2,3,6,7",,,,,"MH1,U1","K1,K2,K41,K42,K45,K46,K5,K6",UN
F9903CG,VENT PLUG,1,,"EJA310E,EJA310J,EJA430E,EJA430J,EJA440E",,,"H,M,S,T","0,1,2",,"2,3,6,7",,,,,"MH1,U1","K1,K2,K41,K42,K45,K46,K5,K6",UN
F9903CJ,VENT PLUG,2,,"EJA110E,EJA110J,EJA130E,EJA120E,EJA120J",,,"H,M,S,T","3,4,5",,"2,3,6,7",,,,,"MH1,U1","K1,K2,K41,K42,K45,K46,K5,K6",UN
F9903CJ,VENT PLUG,1,,"EJA310E,EJA310J,EJA430E,EJA430J,EJA440E",,,"H,M,S,T","3,4,5",,"2,3,6,7",,,,,"MH1,U1","K1,K2,K41,K42,K45,K46,K5,K6",UN
F9903BJ,VENT PLUG,2,,"EJA110E,EJA110J",,,"A,D","0,1,2",,"2,3,6,7",,,,,,"MG1,MH1",UN
F9903BJ,VENT PLUG,1,,"EJA430E,EJA430J",,,"A,D","0,1,2",,"2,3,6,7",,,,,,"MG1,MH1",UN
F9903BK,VENT PLUG,2,,"EJA110E,EJA110J",,,"A,D","0,1,2",,"8,9",,,,,,"MG1,MH1",UN
F9903BK,VENT PLUG,1,,"EJA430E,EJA430J",,,"A,D","0,1,2",,"8,9",,,,,,"MG1,MH1",UN
F9903BL,VENT PLUG,2,,"EJA110E,EJA110J",,,"A,D","3,4,5",,"2,3,6,7",,,,,,"MG1,MH1",UN
F9903BL,VENT PLUG,1,,"EJA430E,EJA430J",,,"A,D","3,4,5",,"2,3,6,7",,,,,,"MG1,MH1",UN
F9903BM,VENT PLUG,2,,"EJA110E,EJA110J",,,"A,D","3,4,5",,"8,9",,,,,,"MG1,MH1",UN
F9903BM,VENT PLUG,1,,"EJA430E,EJA430J",,,"A,D","3,4,5",,"8,9",,,,,,"MG1,MH1",UN
F9903BN,VENT PLUG,2,,"EJA110E,EJA110J",,,B,"0,1,2",,"2,3,6,7",,,,,,"MG1,MH1",UN
F9903BN,VENT PLUG,1,,"EJA430E,EJA430J",,,B,"0,1,2",,"2,3,6,7",,,,,,"MG1,MH1",UN
F9903BP,VENT PLUG,2,,"EJA110E,EJA110J",,,B,"0,1,2",,"8,9",,,,,,"MG1,MH1",UN
F9903BP,VENT PLUG,1,,"EJA430E,EJA430J",,,B,"0,1,2",,"8,9",,,,,,"MG1,MH1",UN
F9903BQ,VENT PLUG,2,,"EJA110E,EJA110J",,,B,"3,4,5",,"2,3,6,7",,,,,,"MG1,MH1",UN
F9903BQ,VENT PLUG,1,,"EJA430E,EJA430J",,,B,"3,4,5",,"2,3,6,7",,,,,,"MG1,MH1",UN
F9903BS,VENT PLUG,2,,"EJA110E,EJA110J",,,W,"0,1,2",,"2,3,6,7",,,,,,"MG1,MH1",UN
F9903BS,VENT PLUG,1,,"EJA430E,EJA430J",,,W,"0,1,2",,"2,3,6,7",,,,,,"MG1,MH1",UN
F9903BT,VENT PLUG,2,,"EJA110E,EJA110J",,,W,"0,1,2",,"8,9",,,,,,"MG1,MH1",UN
F9903BT,VENT PLUG,1,,"EJA430E,EJA430J",,,W,"0,1,2",,"8,9",,,,,,"MG1,MH1",UN
F9903BU,VENT PLUG,2,,"EJA110E,EJA110J",,,W,"3,4,5",,"2,3,6,7",,,,,,"MG1,MH1",UN
F9903BU,VENT PLUG,1,,"EJA430E,EJA430J",,,W,"3,4,5",,"2,3,6,7",,,,,,"MG1,MH1",UN
F9903BV,VENT PLUG,2,,"EJA110E,EJA110J",,,W,"3,4,5",,"8,9",,,,,,"MG1,MH1",UN
F9903BV,VENT PLUG,1,,"EJA430E,EJA430J",,,W,"3,4,5",,"8,9",,,,,,"MG1,MH1",UN
F9903BB,VENT PLUG,1,,"EJA110E,EJA110J",,,"H,M,S,T","C,E,Q",,9,,,,,,"MD2,MD3","K11,K12,K15,K16"
F9903BD,Vent Plug (with heat no.),1,,"EJA110E,EJA110J",,,"H,M,S,T","D,F,R",,9,,,,,,"MD2,MD3","K11,K12,K15,K16"
F9903BW,VENT PLUG,1,,"EJA110E,EJA110J",,,"H,M,S,T","C,E,Q",,9,,,,,MD2,"K11,K12,K15,K16",
F9903BX,VENT PLUG,1,,"EJA110E,EJA110J",,,"H,M,S,T","D,F,R",,9,,,,,MD2,"K11,K12,K15,K16",
F9903BW,VENT PLUG,1,,"EJA110E,EJA110J",,,"H,M,S,T","C,E,Q",,9,,,,,MD3,"K11,K12,K15,K16",
F9903BX,VENT PLUG,1,,"EJA110E,EJA110J",,,"H,M,S,T","D,F,R",,9,,,,,MD3,"K11,K12,K15,K16",
F9903CL,VENT SCREW,2,,"EJA110E,EJA110J,EJA130E,EJA120E,EJA120J",,,"H,M,S,T","0,1,2,3,4,5",,"2,3,6,7",,,,,,"MG1,MH1","K1,K2,K41,K42,K45,K46,K5,K6,UN"
F9903CL,VENT SCREW,1,,"EJA310E,EJA310J,EJA430E,EJA430J,EJA440E",,,"H,M,S,T","0,1,2,3,4,5",,"2,3,6,7",,,,,,"MG1,MH1","K1,K2,K41,K42,K45,K46,K5,K6,UN"
F9903CM,Vent Screw (with heat no.),2,,"EJA110E,EJA110J,EJA130E,EJA120E,EJA120J",,,"H,M,S,T","0,1,2,3,4,5",,"8,9,B,U",,,,,,"MG1,MH1","GS,K1,K2,K41,K42,K45,K46,K5,K6,N1,N2,N3,UN"
F9903CM,Vent Screw (with heat no.),1,,"EJA310E,EJA310J,EJA430E,EJA430J,EJA440E",,,"H,M,S,T","0,1,2,3,4,5",,"8,9,B,U",,,,,,"MG1,MH1","GS,K1,K2,K41,K42,K45,K46,K5,K6,N1,N2,N3,UN"
F9903CW,NEEDLE ASSY,2,,"EJA110E,EJA110J,EJA130E,EJA120E,EJA120J",,,"H,M,S,T","0,1,2,3,4,5",,"2,3,6,7",,,,,MG1,"K1,K2,K41,K42,K45,K46,K5,K6",UN
F9903CW,NEEDLE ASSY,1,,"EJA310E,EJA310J,EJA430E,EJA430J,EJA440E",,,"H,M,S,T","0,1,2,3,4,5",,"2,3,6,7",,,,,MG1,"K1,K2,K41,K42,K45,K46,K5,K6",UN
F9903CW,NEEDLE ASSY,2,,"EJA110E,EJA110J,EJA130E,EJA120E,EJA120J",,,"H,M,S,T","0,1,2,3,4,5",,"8,9,B,U",,,,,MG1,"K1,K2,K41,K42,K45,K46,K5,K6","GS,N1,N2,N3,UN"
F9903CW,NEEDLE ASSY,1,,"EJA310E,EJA310J,EJA430E,EJA430J,EJA440E",,,"H,M,S,T","0,1,2,3,4,5",,"8,9,B,U",,,,,MG1,"K1,K2,K41,K42,K45,K46,K5,K6","GS,N1,N2,N3,UN"
F9903CW,NEEDLE ASSY,2,,"EJA110E,EJA110J,EJA130E,EJA120E,EJA120J",,,"H,M,S,T","0,1,2,3,4,5",,"2,3,6,7",,,,,MH1,"K1,K2,K41,K42,K45,K46,K5,K6",UN
F9903CW,NEEDLE ASSY,1,,"EJA310E,EJA310J,EJA430E,EJA430J,EJA440E",,,"H,M,S,T","0,1,2,3,4,5",,"2,3,6,7",,,,,MH1,"K1,K2,K41,K42,K45,K46,K5,K6",UN
F9903CW,NEEDLE ASSY,2,,"EJA110E,EJA110J,EJA130E,EJA120E,EJA120J",,,"H,M,S,T","0,1,2,3,4,5",,"8,9,B,U",,,,,MH1,"K1,K2,K41,K42,K45,K46,K5,K6","GS,N1,N2,N3,UN"
F9903CW,NEEDLE ASSY,1,,"EJA310E,EJA310J,EJA430E,EJA430J,EJA440E",,,"H,M,S,T","0,1,2,3,4,5",,"8,9,B,U",,,,,MH1,"K1,K2,K41,K42,K45,K46,K5,K6","GS,N1,N2,N3,UN"
F9903CQ,VENT SCREW,2,,"EJA110E,EJA110J",,,"A,D","0,1,2,3,4,5",,"2,3,6,7",,,,,,"MG1,MH1",UN
F9903CQ,VENT SCREW,1,,"EJA430E,EJA430J",,,"A,D","0,1,2,3,4,5",,"2,3,6,7",,,,,,"MG1,MH1",UN
F9903CR,VENT SCREW,2,,"EJA110E,EJA110J",,,"A,D","0,1,2,3,4,5",,"8,9",,,,,,"MG1,MH1",UN
F9903CR,VENT SCREW,1,,"EJA430E,EJA430J",,,"A,D","0,1,2,3,4,5",,"8,9",,,,,,"MG1,MH1",UN
F9903CS,VENT SCREW,2,,"EJA110E,EJA110J",,,B,"0,1,2,3,4,5",,"2,3,6,7",,,,,,"MG1,MH1",UN
F9903CS,VENT SCREW,1,,"EJA430E,EJA430J",,,B,"0,1,2,3,4,5",,"2,3,6,7",,,,,,"MG1,MH1",UN
F9903CN,VENT SCREW,2,,"EJA110E,EJA110J",,,L,"0,1,2,3,4,5",,"2,3,6,7",,,,,,"MG1,MH1","K1,K2,K41,K42,K45,K46,K5,K6,UN"
F9903CN,VENT SCREW,1,,"EJA310E,EJA310J,EJA430E,EJA430J",,,L,"0,1,2,3,4,5",,"2,3,6,7",,,,,,"MG1,MH1","K1,K2,K41,K42,K45,K46,K5,K6,UN"
F9903CP,VENT SCREW,2,,"EJA110E,EJA110J",,,L,"0,1,2,3,4,5",,"8,9",,,,,,"MG1,MH1","GS,K1,K2,K41,K42,K45,K46,K5,K6,N1,N2,N3,UN"
F9903CP,VENT SCREW,1,,"EJA310E,EJA310J,EJA430E,EJA430J",,,L,"0,1,2,3,4,5",,"8,9",,,,,,"MG1,MH1","GS,K1,K2,K41,K42,K45,K46,K5,K6,N1,N2,N3,UN"
F9903CM,Vent Screw (with heat no.),1,,"EJA110E,EJA110J",,,"H,M,S,T","C,D,E,F,Q,R",,9,,,,,,"MD2,MD3","K11,K12,K15,K16"
F9903CW,NEEDLE ASSY,1,,"EJA110E,EJA110J",,,"H,M,S,T","C,D,E,F,Q,R",,9,,,,,MD2,"K11,K12,K15,K16",
F9903CW,NEEDLE ASSY,1,,"EJA110E,EJA110J",,,"H,M,S,T","C,D,E,F,Q,R",,9,,,,,MD3,"K11,K12,K15,K16",
F9903CU,VENT SCREW,2,,"EJA110E,EJA110J",,,W,"0,1,2,3,4,5",,"2,3,6,7",,,,,,"MG1,MH1",UN
F9903CU,VENT SCREW,1,,"EJA430E,EJA430J",,,W,"0,1,2,3,4,5",,"2,3,6,7",,,,,,"MG1,MH1",UN
F9903CV,VENT SCREW,2,,"EJA110E,EJA110J",,,W,"0,1,2,3,4,5",,"8,9",,,,,,"MG1,MH1",UN
F9903CV,VENT SCREW,1,,"EJA430E,EJA430J",,,W,"0,1,2,3,4,5",,"8,9",,,,,,"MG1,MH1",UN
F9903CY,PLUG,2,,"EJA110E,EJA110J,EJA130E,EJA120E,EJA120J",,,"H,M,S,T","0,1,2",,"8,9",,,,,,"MG1,MH1","GS,N1,N2,N3,UN"
F9903CY,PLUG,1,,"EJA310E,EJA310J,EJA430E,EJA430J,EJA440E",,,"H,M,S,T","0,1,2",,"8,9",,,,,,"MG1,MH1","GS,N1,N2,N3,UN"
F9903CZ,Drain Plug (with heat no.),2,,"EJA110E,EJA110J,EJA130E,EJA120E,EJA120J",,,"H,M,S,T","3,4,5",,"8,9",,,,,,"MG1,MH1","GS,N1,N2,N3,UN"
F9903CZ,Drain Plug (with heat no.),1,,"EJA310E,EJA310J,EJA430E,EJA430J,EJA440E",,,"H,M,S,T","3,4,5",,"8,9",,,,,,"MG1,MH1","GS,N1,N2,N3,UN"
F9903CY,PLUG,4,,"EJA110E,EJA110J,EJA130E,EJA120E,EJA120J",,,S,"0,1,2",,U,,,,,,"MG1,MH1","N1,N2,N3,UN"
F9903CY,PLUG,2,,"EJA310E,EJA310J,EJA430E,EJA430J,EJA440E",,,S,"0,1,2",,U,,,,,,"MG1,MH1","N1,N2,N3,UN"
F9903CZ,Drain Plug (with heat no.),4,,"EJA110E,EJA110J,EJA130E,EJA120E,EJA120J",,,S,"3,4,5",,U,,,,,,"MG1,MH1","N1,N2,N3,UN"
F9903CZ,Drain Plug (with heat no.),2,,"EJA310E,EJA310J,EJA430E,EJA430J,EJA440E",,,S,"3,4,5",,U,,,,,,"MG1,MH1","N1,N2,N3,UN"
F9903DC,PLUG,2,,"EJA110E,EJA110J",,,"A,D","0,1,2",,"8,9",,,,,,"MG1,MH1",UN
F9903DC,PLUG,1,,"EJA430E,EJA430J",,,"A,D","0,1,2",,"8,9",,,,,,"MG1,MH1",UN
F9903DD,PLUG,2,,"EJA110E,EJA110J",,,"A,D","3,4,5",,"8,9",,,,,,"MG1,MH1",UN
F9903DD,PLUG,1,,"EJA430E,EJA430J",,,"A,D","3,4,5",,"8,9",,,,,,"MG1,MH1",UN
F9903DE,PLUG,2,,"EJA110E,EJA110J",,,B,"0,1,2",,"8,9",,,,,,"MG1,MH1",UN
F9903DE,PLUG,1,,"EJA430E,EJA430J",,,B,"0,1,2",,"8,9",,,,,,"MG1,MH1",UN
F9903DA,PLUG,2,,"EJA110E,EJA110J",,,L,"0,1,2",,"8,9",,,,,,"MG1,MH1","GS,N1,N2,N3,UN"
F9903DA,PLUG,1,,"EJA310E,EJA310J,EJA430E,EJA430J",,,L,"0,1,2",,"8,9",,,,,,"MG1,MH1","GS,N1,N2,N3,UN"
F9903DB,PLUG,2,,"EJA110E,EJA110J",,,L,"3,4,5",,"8,9",,,,,,"MG1,MH1","GS,N1,N2,N3,UN"
F9903DB,PLUG,1,,"EJA310E,EJA310J,EJA430E,EJA430J",,,L,"3,4,5",,"8,9",,,,,,"MG1,MH1","GS,N1,N2,N3,UN"
F9903CZ,Drain Plug (with heat no.),1,,"EJA110E,EJA110J",,,"H,M,S,T","D,F,R",,9,,,,,,"MD2,MD3",
F9903CY,PLUG,1,,"EJA110E,EJA110J",,,"H,M,S,T","C,E,Q",,9,,,,,,"MD2,MD3",
F9903DG,PLUG,2,,"EJA110E,EJA110J",,,W,"0,1,2",,"8,9",,,,,,"MG1,MH1",UN
F9903DG,PLUG,1,,"EJA430E,EJA430J",,,W,"0,1,2",,"8,9",,,,,,"MG1,MH1",UN
F9903DH,PLUG,2,,"EJA110E,EJA110J",,,W,"3,4,5",,"8,9",,,,,,"MG1,MH1",UN
F9903DH,PLUG,1,,"EJA430E,EJA430J",,,W,"3,4,5",,"8,9",,,,,,"MG1,MH1",UN
F9340XY,Process Connector - SS 1/4 RC,1,,"EJA110E,EJA110J,EJA120E,EJA120J",,,"H,M,S,T",1,,,,,,,BS,,
F9340XW,Process Connector - SS 1/2 RC,1,,"EJA110E,EJA110J,EJA120E,EJA120J",,,"H,M,S,T",2,,,,,,,BS,,
F9340XZ,Process Connector - SS 1/4 NPT,1,,"EJA110E,EJA110J,EJA120E,EJA120J",,,"H,M,S,T",3,,,,,,,BS,,
F9340XX,Process Connector - SS 1/2 NPT ,1,,"EJA110E,EJA110J,EJA120E,EJA120J",,,"H,M,S,T",4,,,,,,,BS,,
F9340TY,CONNECTOR,1,,"EJA110E,EJA110J",,,B,1,,,,,,,BS,,
F9340TW,CONNECTOR,1,,"EJA110E,EJA110J",,,B,2,,,,,,,BS,,
F9340TZ,Process Connector - Monel 1/4 NPT,1,,"EJA110E,EJA110J",,,B,3,,,,,,,BS,,
F9340TX,Process Connector - Monel 1/2 NPT,1,,"EJA110E,EJA110J",,,B,4,,,,,,,BS,,
F9340WY,CONNECTOR,1,,"EJA110E,EJA110J",,,"A,D",1,,,,,,,BS,,
F9340WW,CONNECTOR,1,,"EJA110E,EJA110J",,,"A,D",2,,,,,,,BS,,
F9340WZ,CONNECTOR,1,,"EJA110E,EJA110J",,,"A,D",3,,,,,,,BS,,
F9340WX,Process Connector -  Hastelloy 1/2 NPT ,1,,"EJA110E,EJA110J",,,"A,D",4,,,,,,,BS,,
F9340XY,Process Connector - SS 1/4 RC,2,,"EJA110E,EJA110J,EJA120E,EJA120J",,,"H,M,S,T",1,,,,,,,,,BS
F9340XY,Process Connector - SS 1/4 RC,1,,"EJA310E,EJA310J,EJA430E,EJA430J",,,"H,M,S,T",1,,,,,,,,,
F9340XW,Process Connector - SS 1/2 RC,2,,"EJA110E,EJA110J,EJA120E,EJA120J",,,"H,M,S,T",2,,,,,,,,,BS
F9340XW,Process Connector - SS 1/2 RC,1,,"EJA310E,EJA310J,EJA430E,EJA430J",,,"H,M,S,T",2,,,,,,,,,
F9340XZ,Process Connector - SS 1/4 NPT,2,,"EJA110E,EJA110J,EJA120E,EJA120J",,,"H,M,S,T",3,,,,,,,,,BS
F9340XZ,Process Connector - SS 1/4 NPT,1,,"EJA310E,EJA310J,EJA430E,EJA430J",,,"H,M,S,T",3,,,,,,,,,
F9340XX,Process Connector - SS 1/2 NPT ,2,,"EJA110E,EJA110J,EJA120E,EJA120J",,,"H,M,S,T",4,,,,,,,,,BS
F9340XX,Process Connector - SS 1/2 NPT ,1,,"EJA310E,EJA310J,EJA430E,EJA430J",,,"H,M,S,T",4,,,,,,,,,
F9340TY,CONNECTOR,2,,"EJA110E,EJA110J",,,B,1,,,,,,,,,BS
F9340TY,CONNECTOR,1,,"EJA430E,EJA430J",,,B,1,,,,,,,,,
F9340TW,CONNECTOR,2,,"EJA110E,EJA110J",,,B,2,,,,,,,,,BS
F9340TW,CONNECTOR,1,,"EJA430E,EJA430J",,,B,2,,,,,,,,,
F9340TZ,Process Connector - Monel 1/4 NPT,2,,"EJA110E,EJA110J",,,B,3,,,,,,,,,BS
F9340TZ,Process Connector - Monel 1/4 NPT,1,,"EJA430E,EJA430J",,,B,3,,,,,,,,,
F9340TX,Process Connector - Monel 1/2 NPT,2,,"EJA110E,EJA110J",,,B,4,,,,,,,,,BS
F9340TX,Process Connector - Monel 1/2 NPT,1,,"EJA430E,EJA430J",,,B,4,,,,,,,,,
F9340WY,CONNECTOR,2,,"EJA110E,EJA110J",,,"A,D",1,,,,,,,,,BS
F9340WY,CONNECTOR,1,,"EJA430E,EJA430J",,,"A,D",1,,,,,,,,,
F9340WW,CONNECTOR,2,,"EJA110E,EJA110J",,,"A,D",2,,,,,,,,,BS
F9340WW,CONNECTOR,1,,"EJA430E,EJA430J",,,"A,D",2,,,,,,,,,
F9340WZ,CONNECTOR,2,,"EJA110E,EJA110J",,,"A,D",3,,,,,,,,,BS
F9340WZ,CONNECTOR,1,,"EJA430E,EJA430J",,,"A,D",3,,,,,,,,,
F9340WX,Process Connector -  Hastelloy 1/2 NPT ,2,,"EJA110E,EJA110J",,,"A,D",4,,,,,,,,,BS
F9340WX,Process Connector -  Hastelloy 1/2 NPT ,1,,"EJA430E,EJA430J",,,"A,D",4,,,,,,,,,
F9350GU,CONNECTOR,2,,"EJA110E,EJA110J",,,L,1,,,,,,,,,BS
F9350GU,CONNECTOR,1,,"EJA310E,EJA310J,EJA430E,EJA430J",,,L,1,,,,,,,,,
F9350GX,CONNECTOR,2,,"EJA110E,EJA110J",,,L,2,,,,,,,,,BS
F9350GX,CONNECTOR,1,,"EJA310E,EJA310J,EJA430E,EJA430J",,,L,2,,,,,,,,,
F9350GV,CONNECTOR,2,,"EJA110E,EJA110J",,,L,3,,,,,,,,,BS
F9350GV,CONNECTOR,1,,"EJA310E,EJA310J,EJA430E,EJA430J",,,L,3,,,,,,,,,
F9350GY,CONNECTOR,2,,"EJA110E,EJA110J",,,L,4,,,,,,,,,BS
F9350GY,CONNECTOR,1,,"EJA310E,EJA310J,EJA430E,EJA430J",,,L,4,,,,,,,,,
F9340TL,CONNECTOR,2,,"EJA110E,EJA110J",,,W,1,,,,,,,,,BS
F9340TL,CONNECTOR,1,,"EJA430E,EJA430J",,,W,1,,,,,,,,,
F9340TJ,CONNECTOR,2,,"EJA110E,EJA110J",,,W,2,,,,,,,,,BS
F9340TJ,CONNECTOR,1,,"EJA430E,EJA430J",,,W,2,,,,,,,,,
F9340TM,CONNECTOR,2,,"EJA110E,EJA110J",,,W,3,,,,,,,,,BS
F9340TM,CONNECTOR,1,,"EJA430E,EJA430J",,,W,3,,,,,,,,,
F9340TK,CONNECTOR,2,,"EJA110E,EJA110J",,,W,4,,,,,,,,,BS
F9340TK,CONNECTOR,1,,"EJA430E,EJA430J",,,W,4,,,,,,,,,
F9350GU,CONNECTOR,1,,"EJA110E,EJA110J",,,L,1,,,,,,,BS,,
F9350GX,CONNECTOR,1,,"EJA110E,EJA110J",,,L,2,,,,,,,BS,,
F9350GV,CONNECTOR,1,,"EJA110E,EJA110J",,,L,3,,,,,,,BS,,
F9350GY,CONNECTOR,1,,"EJA110E,EJA110J",,,L,4,,,,,,,BS,,
F9340TL,CONNECTOR,1,,"EJA110E,EJA110J",,,W,1,,,,,,,BS,,
F9340TJ,CONNECTOR,1,,"EJA110E,EJA110J",,,W,2,,,,,,,BS,,
F9340TM,CONNECTOR,1,,"EJA110E,EJA110J",,,W,3,,,,,,,BS,,
F9340TK,CONNECTOR,1,,"EJA110E,EJA110J",,,W,4,,,,,,,BS,,
F9900AU,Process Connector Bolt - B7 Carbon Steel (Code-J),4,,"EJA110E,EJA110J,EJA130E,EJA120E,EJA120J",,,,"1,2,3,4","J,K",,,,,,,,BS
F9900AU,Process Connector Bolt - B7 Carbon Steel (Code-J),2,,"EJA310E,EJA310J,EJA430E,EJA430J,EJA440E",,,,"1,2,3,4",J,,,,,,,,
F9900AS,Process Connector Bolt - SS316L (Code-G),4,,"EJA110E,EJA110J,EJA130E,EJA120E,EJA120J",,,,"1,2,3,4","G,H",,,,,,,,BS
F9900AS,Process Connector Bolt - SS316L (Code-G),2,,"EJA310E,EJA310J,EJA430E,EJA430J,EJA440E",,,,"1,2,3,4",G,,,,,,,,
F9340AZ,"P.C bolt for ""C""",4,,"EJA110E,EJA110J,EJA130E,EJA120E,EJA120J",,,,"1,2,3,4",C,,,,,,,,BS
F9340AZ,"P.C bolt for ""C""",2,,"EJA310E,EJA310J,EJA430E,EJA430J,EJA440E",,,,"1,2,3,4",C,,,,,,,,
F9900AU,Process Connector Bolt - B7 Carbon Steel (Code-J),2,,"EJA110E,EJA110J,EJA120E,EJA120J",,,,"1,2,3,4",J,,,,,,BS,,
F9900AS,Process Connector Bolt - SS316L (Code-G),2,,"EJA110E,EJA110J,EJA120E,EJA120J",,,,"1,2,3,4",G,,,,,,BS,,
F9340AZ,"P.C bolt for ""C""",2,,"EJA110E,EJA110J,EJA120E,EJA120J",,,,"1,2,3,4",C,,,,,,BS,,
D0114RB,Gasket for Process Connector,2,,"EJA110E,EJA110J,EJA120E,EJA120J",,,,"1,2,3,4",,,,,,,,,BS
D0114RB,Gasket for Process Connector,1,,"EJA310E,EJA310J,EJA430E,EJA430J",,,,"1,2,3,4",,,,,,,,,
D0114RB,Gasket for Process Connector,1,,"EJA110E,EJA110J,EJA120E,EJA120J",,,,"1,2,3,4",,,,,,,BS,,
F9900AC,"Bolt for ""J""",4,,"EJA110E,EJA110J",,"H,L,M,V","L,S",,J,,,,,,,,"HD,HD2"
F9900AA,"Bolt for ""G""",4,,"EJA110E,EJA110J",,"H,L,M,V","L,S",,G,,,,,,,,"HD,HD2"
F9900AE,"Bolt for ""C""",4,,"EJA110E,EJA110J",,"H,L,M,V","L,S",,C,,,,,,,,"HD,HD2"
F9900AR,BOLT,4,,"EJA110E,EJA110J",,F,S,,C,,,,,,,,
F9900AC,"Bolt for ""J""",4,,"EJA310E,EJA310J,EJA430E,EJA430J",,,"L,S",,J,,,,,,,,
F9900AA,"Bolt for ""G""",4,,"EJA310E,EJA310J,EJA430E,EJA430J",,,"L,S",,G,,,,,,,,
F9900AE,"Bolt for ""C""",4,,"EJA310E,EJA310J,EJA430E,EJA430J",,,"L,S",,C,,,,,,,,
F9900AR,BOLT,4,,"EJA110E,EJA110J,EJA430E,EJA430J",,,"A,B,D,H,M,T,W",,C,,,,,,,,
F9340BC,BOLT,4,,"EJA110E,EJA110J",,"H,M",S,,J,,,,,,,"HD,HD2",
F9900AB,BOLT,4,,"EJA110E,EJA110J",,"H,M",S,,G,,,,,,,"HD,HD2",
F9900AR,BOLT,4,,"EJA110E,EJA110J",,"H,M",S,,C,,,,,,,"HD,HD2",
F9900BC,"Nut for ""J""",4,,"EJA110E,EJA110J",,"H,L,M,V","L,S",,J,,,,,,,,"HD,HD2"
F9900BA,"Nut for ""G""",4,,"EJA110E,EJA110J",,"H,L,M,V","L,S",,G,,,,,,,,"HD,HD2"
F9900BE,"Nut for ""C""",4,,"EJA110E,EJA110J",,"H,L,M,V","L,S",,C,,,,,,,,"HD,HD2"
F9900BG,NUT,4,,"EJA110E,EJA110J",,F,S,,C,,,,,,,,
F9900BC,"Nut for ""J""",4,,"EJA310E,EJA310J,EJA430E,EJA430J",,,"L,S",,J,,,,,,,,
F9900BA,"Nut for ""G""",4,,"EJA310E,EJA310J,EJA430E,EJA430J",,,"L,S",,G,,,,,,,,
F9900BE,"Nut for ""C""",4,,"EJA310E,EJA310J,EJA430E,EJA430J",,,"L,S",,C,,,,,,,,
F9900BG,NUT,4,,"EJA110E,EJA110J,EJA430E,EJA430J",,,"A,B,D,H,M,T,W",,C,,,,,,,,
F9340CC,NUT,4,,"EJA110E,EJA110J",,"H,M",S,,J,,,,,,,"HD,HD2",
F9900BB,NUT,4,,"EJA110E,EJA110J",,"H,M",S,,G,,,,,,,"HD,HD2",
F9900BG,NUT,4,,"EJA110E,EJA110J",,"H,M",S,,C,,,,,,,"HD,HD2",
F9350EX,N.P,1,,"EJA110E,EJA110J,EJA120E,EJA120J,EJA130E,EJA130J",,,,"1,2,3,4",,,,,,,,"WG1,WH1",BS
F9300TE,Mounting Bracket - SS304 Flat type (Code B),1,,,,,,,,,,,,B,,,
D0117XL-A,Mounting Bracket - SS304 Flat type (Code B),1,,,,,,,,,,,,B,,,
F9340EM,Mounting Bracket - SS304 L type (Code D),1,,,,,,,,,,,,D,,,
D0117XL-A,Mounting Bracket - SS304 Flat type (Code B),1,,,,,,,,,,,,D,,,
F9900SB,Mounting Bracket - SS316 Flat type (Code J),1,,,,,,,,,,,,J,,,
F9900SN,U Bolt Assy - SS316 U bolt for EJA110 or 430 or 530 (Big),1,,,,,,,,,,,,J,,,
F9900SD,Mounting Bracket - SS316 L type (Code K),1,,,,,,,,,,,,K,,,
F9900SN,U Bolt Assy - SS316 U bolt for EJA110 or 430 or 530 (Big),1,,,,,,,,,,,,K,,,
F9900SF,Mounting Bracket bottom PC,1,,"EJA110E,EJA110J",,"H,L,M,V",S,,,,,,,M,,,"HD,HD2"
F9900SN,U Bolt Assy - SS316 U bolt for EJA110 or 430 or 530 (Big),1,,"EJA110E,EJA110J",,"H,L,M,V",S,,,,,,,M,,,"HD,HD2"
F9900SG,Mounting Bracket Bolt - SS316 bolt for bottom Installation,1,,"EJA110E,EJA110J",,"H,L,M,V",S,,,,,,,M,,,"HD,HD2"
F9900SS,Special mounting bracket for Bottom process connection,1,,"EJA110E,EJA110J",,F,S,,,,,,,M,,,
F9900SN,U Bolt Assy - SS316 U bolt for EJA110 or 430 or 530 (Big),1,,"EJA110E,EJA110J",,F,S,,,,,,,M,,,
F9900SF,Mounting Bracket bottom PC,1,,"EJA310E,EJA310J,EJA430E,EJA430J",,,S,,,,,,,M,,,
F9900SN,U Bolt Assy - SS316 U bolt for EJA110 or 430 or 530 (Big),1,,"EJA310E,EJA310J,EJA430E,EJA430J",,,S,,,,,,,M,,,
F9900SG,Mounting Bracket Bolt - SS316 bolt for bottom Installation,1,,"EJA310E,EJA310J,EJA430E,EJA430J",,,S,,,,,,,M,,,
F9900SS,Special mounting bracket for Bottom process connection,1,,"EJA110E,EJA110J",,"H,M",S,,,,,,,M,,"HD,HD2",
F9900SN,U Bolt Assy - SS316 U bolt for EJA110 or 430 or 530 (Big),1,,"EJA110E,EJA110J",,"H,M",S,,,,,,,M,,"HD,HD2",
F9903KA,BRACKET ASSY,1,,,,,,,,,,,,P,,,
F9903KB,BRACKET ASSY,1,,,,,,,,,,,,P,,,
F9903KC,BRACKET ASSY,1,,,,,,,,,,,,P,,,
F9900SN,U Bolt Assy - SS316 U bolt for EJA110 or 430 or 530 (Big),1,,,,,,,,,,,,P,,,
F9273CZ,Mounting Bracket Bolt  for SS304 mounting bracket (Code B or D),4,,,,,,,,,,,,"B,D",,,
F9900SH,Mounting Bracket Bolt - for SS316 mounting bracket(Code J or K),4,,,,,,,,,,,,"J,K,P",,,
F9900SH,Mounting Bracket Bolt - for SS316 mounting bracket(Code J or K),4,,"EJA110E,EJA110J",,F,S,,,,,,,M,,,
F9900SH,Mounting Bracket Bolt - for SS316 mounting bracket(Code J or K),4,,"EJA110E,EJA110J",,"H,M",S,,,,,,,M,,"HD,HD2",
F9903HM,CASE,1,,"EJA110E,EJA310E,EJA430E,EJA130E,EJA440E,EJA120E",,,,,,,2,A,,,X2,,
F9903HJ,CASE,1,,"EJA110E,EJA310E,EJA430E,EJA130E,EJA440E,EJA120E",,,,,,,2,"2,C",,,X2,,
F9903HK,CASE,1,,"EJA110E,EJA310E,EJA430E,EJA130E,EJA440E,EJA120E",,,,,,,2,"4,D",,,X2,,
F9903HL,CASE,1,,"EJA110E,EJA310E,EJA430E,EJA130E,EJA440E,EJA120E",,,,,,,2,"2,C",,,X2,"CF1,CS1,CS15,CU1,FF1,FS1,FS15,FU1,KF22,KS21,KS26,KU22,PF22,PF23,PS21,SF2,SF22,UF1,US1",
F9903HL,CASE,1,,"EJA110E,EJA310E,EJA430E,EJA130E,EJA440E,EJA120E",,,,,,,2,"2,C",,,X2,"GF11,GF12,GF21,GS11,GS12,GS16,GS21,GU11,GU12,GU21,NF2,NF21,NS21,NS25,SS26,SU21,SU22",
F9913WC,CASE,1,,"EJA110E,EJA310E,EJA430E,EJA130E,EJA440E,EJA120E",,,,,,,2,A,,,,,X2
F9913WG,"Case 2, EC-1/2 NPT (E-Conn 2 or C)",1,,"EJA110E,EJA310E,EJA430E,EJA130E,EJA440E,EJA120E",,,,,,,2,"2,C",,,,,"X2,CF1,CS1,CS15,CU1,FF1,FS1,FS15,FU1,GF11,GF12,GF21,GS11,GS12,GS16,GS21,GU11,GU12,GU21,KF22,KS21,KS26,KU22,NF2,NF21,NS21,NS25,PF22,PF23,PS21,SF2,SF22,SS26,SU21,SU22,UF1,US1"
F9913WJ,"Case 2, EC-M20 (E-Conn 4 or D)",1,,"EJA110E,EJA310E,EJA430E,EJA130E,EJA440E,EJA120E",,,,,,,2,"4,D",,,,,X2
F9913WH,"Case 2, EC-1/2 NPT with Cert (E-Conn 2 or C)",1,,"EJA110E,EJA310E,EJA430E,EJA130E,EJA440E,EJA120E",,,,,,,2,"2,C",,,,"CF1,CS1,CS15,CU1,FF1,FS1,FS15,FU1,KF22,KS21,KS26,KU22,PF22,PF23,PS21,SF2,SF22,UF1,US1",X2
F9913WH,"Case 2, EC-1/2 NPT with Cert (E-Conn 2 or C)",1,,"EJA110E,EJA310E,EJA430E,EJA130E,EJA440E,EJA120E",,,,,,,2,"2,C",,,,"GF11,GF12,GF21,GS11,GS12,GS16,GS21,GU11,GU12,GU21,NF2,NF21,NS21,NS25,SS26,SU21,SU22",X2
F9913QA,"Case 1, EC-G1/2",1,2,,,,,,,,1,0,,,,,X2
F9913QC,CASE,1,2,,,,,,,,1,"5,A",,,,,X2
F9913QG,"Case 1, EC-1/2 NPT,  w/o cert",1,2,,,,,,,,1,"2,7,C",,,,,X2
F9913QG,"Case 1, EC-1/2 NPT,  w/o cert",-1,2,,,,,,,,1,"2,7,C",,,,"CF1,CS1,CS15,CU1,FF1,FS1,FS15,FU1,GF11,GF12,GF21,GS11,GS12,GS16,GS21,GU11,GU12,GU21",X2
F9913QG,"Case 1, EC-1/2 NPT,  w/o cert",-1,2,,,,,,,,1,"2,7,C",,,,"KF22,KS21,KS26,KU22,NF2,NF21,NS21,NS25,PF22,PF23,PS21,SF2,SF22,SS26,SU21,SU22,UF1,US1",X2
F9913QJ,"Case 1, EC-M20",1,2,,,,,,,,1,"4,9,D",,,,,X2
F9913QH,"Case 1, EC-1/2 NPT with Cert",1,2,,,,,,,,1,"2,7,C",,,,"CF1,CS1,CS15,CU1,FF1,FS1,FS15,FU1,KF22,KS21,KS26,KU22,PF22,PF23,PS21,SF2,SF22,UF1,US1",X2
F9913QH,"Case 1, EC-1/2 NPT with Cert",1,2,,,,,,,,1,"2,7,C",,,,"GF11,GF12,GF21,GS11,GS12,GS16,GS21,GU11,GU12,GU21,NF2,NF21,NS21,NS25,SS26,SU21,SU22",X2
F9913RN,CASE,1,2,,,,,,,,1,0,,,X2,,
F9913RQ,CASE,1,2,,,,,,,,1,"5,A",,,X2,,
F9913RU,"Case 1, EC-1/2 NPT,  w/o cert & /X2",1,2,,,,,,,,1,"2,7,C",,,X2,,
F9913RU,"Case 1, EC-1/2 NPT,  w/o cert & /X2",-1,2,,,,,,,,1,"2,7,C",,,X2,"CF1,CS1,CS15,CU1,FF1,FS1,FS15,FU1,GF11,GF12,GF21,GS11,GS12,GS16,GS21,GU11,GU12,GU21",
F9913RU,"Case 1, EC-1/2 NPT,  w/o cert & /X2",-1,2,,,,,,,,1,"2,7,C",,,X2,"KF22,KS21,KS26,KU22,NF2,NF21,NS21,NS25,PF22,PF23,PS21,SF2,SF22,SS26,SU21,SU22,UF1,US1",
F9913RW,"Case 1, EC-M20 with /X2",1,2,,,,,,,,1,"4,9,D",,,X2,,
F9913RV,"Case 1, EC-1/2 NPT with Cert & /X2",1,2,,,,,,,,1,"2,7,C",,,X2,"CF1,CS1,CS15,CU1,FF1,FS1,FS15,FU1,KF22,KS21,KS26,KU22,PF22,PF23,PS21,SF2,SF22,UF1,US1",
F9913RV,"Case 1, EC-1/2 NPT with Cert & /X2",1,2,,,,,,,,1,"2,7,C",,,X2,"GF11,GF12,GF21,GS11,GS12,GS16,GS21,GU11,GU12,GU21,NF2,NF21,NS21,NS25,SS26,SU21,SU22",
F9913AJ,Profi bus - Amp. ,1,2,"EJA110E,EJA310E,EJA430E,EJA130E,EJA440E,EJA120E",,,,,,,3,"4,9,D",,,,,X2
F9913AL,"Case 3, EC-1/2 NPT (E-Conn 2 or C)",1,2,"EJA110E,EJA310E,EJA430E,EJA130E,EJA440E,EJA120E",,,,,,,3,"2,7,C",,,,,X2
F9913BJ,CASE,1,2,"EJA110E,EJA310E,EJA430E,EJA130E,EJA440E,EJA120E",,,,,,,3,"4,9,D",,,X2,,
F9913BL,CASE,1,2,"EJA110E,EJA310E,EJA430E,EJA130E,EJA440E,EJA120E",,,,,,,3,"2,7,C",,,X2,,
F9910LS,Terminal Block,1,,,,,,,,,"1,3",,,,,,
F9910LS,Terminal Block,1,,,,,,,,,2,,,,,,
Y9308JY,Terminal Block holding Screw,2,,,,,,,,,,,,,,,
R1200BA,LOCTITE 222  49591,0,,,,,,,,,,,,,,,"CF1,CS1,CS15,CU1,FF1,FS1,FS15,FU1,HE,SF2,SS26,SU21"
F9341JX,SILICONE RUBBER,0,,,,,,,,,,,,,,"CF1,CS1,CS15,CU1,FF1,FS1,FS15,FU1",
F9341JX,SILICONE RUBBER,0,,,,,,,,,,,,,,"SF2,SS26,SU21",HE
A1462CC,Feedthrough Capacitor for Hart & Brain,2,,,"D,J,Q",,,,,,"1,2,3",,,,,,HE
F9342YC,Feedthrough Capacitor when /HE,2,,,"D,J,Q",,,,,,"1,2,3",,,,HE,"CF1,CS1,CS15,CU1,FF1,FS1,FS15,FU1",
F9342YB,Feedthrough Capacitor for FF & Profi bus,2,,,"F,G",,,,,,"1,2,3",,,,,,HE
F9342YC,Feedthrough Capacitor when /HE,2,,,"F,G",,,,,,"1,2,3",,,,HE,"CF1,CS1,CS15,CU1,FF1,FS1,FS15,FU1",
F9913ME,Capacitor for /HE option,2,,"EJA110E,EJA310E,EJA430E,EJA130E,EJA440E,EJA120E",,,,,,,,,,,HE,,"CF1,CS1,CS15,CU1,FF1,FS1,FS15,FU1"
Y9501WL,Washer for feed through capcitor,3,,,,,,,,,"1,2,3",,,,,,
F9341JW,Ext. Gr. Screw washer for  case 1 or 2 or 3 with Cert.,1,,,,,,,,,,,,,,"GF11,GF12,GF21,GS11,GS12,GS16,GS21,GU11,GU12,GU21,KF22,KN26,KS21,KS26,KU22,NF2,NF21,NS21,NS25,PF22,PF23,PS21,SF2,SF22,SS26,SU21,SU22,UF1,US1",
G9303NC,O-Ring for zero adjust screw,1,,,,,,,,,,,,,,,HE
F9900GV,O-Ring for zero adjust screw when /HE,1,,,,,,,,,,,,,HE,,
F9270BJ,Shaft - Zero adjust Screw,1,,,,,,,,,"1,3",,,,,,HC
F9900RL,Shaft - Zero adjust Screw for Case-2 or when /HC option,1,,,,,,,,,"1,3",,,,HC,,
F9900RL,Shaft - Zero adjust Screw for Case-2 or when /HC option,1,,,,,,,,,2,,,,,,
Y9812PS,Pin for Zero adjust screw,1,,,,,,,,,,,,,,,
F9270BK,Collar for zero adjust screw,1,,,,,,,,,,,,,,,
F9913MC,Ext. Gr. Screw for Case 3,1,,,,,,,,,3,,,,,,"GF11,GF12,GF21,GS11,GS12,GS16,GS21,GU11,GU12,GU21,KF22,KN26,KS21,KS26,KU22,NF2,NF21,NS21,NS25,PF22,PF23,PS21,SF2,SF22,SS26,SU21,SU22,UF1,US1"
F9900GZ,"Screw for fixing zero screw cover, Ext. Gr., Int. Gr. & Back board for Case 1 or 2 or Int. Gr. & Back board for Case 3",1,,,,,,,,,"1,2",,,,,,"GF11,GF12,GF21,GS11,GS12,GS16,GS21,GU11,GU12,GU21,KF22,KN26,KS21,KS26,KU22,NF2,NF21,NS21,NS25,PF22,PF23,PS21,SF2,SF22,SS26,SU21,SU22,UF1,US1"
F9341JZ,Ext. Gr. Screw & clamp for  case 1 or 2 with Cert.,1,,,,,,,,,"1,2",,,,,"GF11,GF12,GF21,GS11,GS12,GS16,GS21,GU11,GU12,GU21,KF22,KN26,KS21,KS26,KU22,NF2,NF21,NS21,NS25,PF22,PF23,PS21,SF2,SF22,SS26,SU21,SU22,UF1,US1",
F9913MD,Ext. Gr. Screw & clamp for  Case 3 with Cert.,1,,,,,,,,,3,,,,,"GF11,GF12,GF21,GS11,GS12,GS16,GS21,GU11,GU12,GU21,KF22,KN26,KS21,KS26,KU22,NF2,NF21,NS21,NS25,PF22,PF23,PS21,SF2,SF22,SS26,SU21,SU22,UF1,US1",
A1462CC,Feedthrough Capacitor for Hart & Brain,1,,,"D,J,Q",,,,,,,,,,,,HE
F9342YC,Feedthrough Capacitor when /HE,1,,,"D,J,Q",,,,,,,,,,HE,"CF1,CS1,CS15,CU1,FF1,FS1,FS15,FU1",
F9342YB,Feedthrough Capacitor for FF & Profi bus,1,,,"F,G",,,,,,,,,,,,HE
F9342YC,Feedthrough Capacitor when /HE,1,,,"F,G",,,,,,,,,,HE,"CF1,CS1,CS15,CU1,FF1,FS1,FS15,FU1",
F9913ME,Capacitor for /HE option,1,,"EJA110E,EJA310E,EJA430E,EJA130E,EJA440E,EJA120E",,,,,,,,,,,HE,,"CF1,CS1,CS15,CU1,FF1,FS1,FS15,FU1"
F9900GZ,"Screw for fixing zero screw cover, Ext. Gr., Int. Gr. & Back board for Case 1 or 2 or Int. Gr. & Back board for Case 3",1,,,,,,,,,"1,2",,,,,,
F9913MA,Screw for fixing zero screw cover for Case 3,1,,,,,,,,,3,,,,,,
F9913JT,METER COVER,1,,,,,,,,,1,,"D,E",,P1,,"HE,X2"
F9913JU,METER COVER,1,,,,,,,,,1,,"D,E",,P2,,"HE,X2"
F9913JV,METER COVER,1,,,,,,,,,1,,"D,E",,P7,,"HE,X2"
F9913JX,Meter cover assembly  for PR option (Red colour),1,,,,,,,,,1,,"D,E",,PR,,"HE,X2"
F9913KT,METER COVER ASSY,1,,,,,,,,,1,,"D,E",,"HE,P1",,X2
F9913KU,METER COVER ASSY,1,,,,,,,,,1,,"D,E",,"HE,P2",,X2
F9913KV,METER COVER ASSY,1,,,,,,,,,1,,"D,E",,"HE,P7",,X2
F9913KX,METER COVER ASSY,1,,,,,,,,,1,,"D,E",,"HE,PR",,X2
F9913VK,COVER,1,,,,,,,,,1,,N,,P1,,X2
F9913VL,COVER,1,,,,,,,,,1,,N,,P2,,X2
F9913VM,COVER,1,,,,,,,,,1,,N,,P7,,X2
F9913VP,COVER,1,,,,,,,,,1,,N,,PR,,X2
F9913JY,METER COVER,1,,,,,,,,,2,,"D,E",,PR,,"HE,X2"
F9913KY,METER COVER ASSY,1,,,,,,,,,2,,"D,E",,"HE,PR",,X2
F9913KZ,METER COVER ASSY,1,,,,,,,,,2,,"D,E",,HE,,"PR,X2"
F9913SC,COVER,1,,,,,,,,,2,,N,,,,"PR,X2"
F9913SD,COVER,1,,,,,,,,,2,,N,,PR,,X2
F9913GX,METER COVER ASSY,1,,,,,,,,,3,,"D,E",,PR,,"HE,P1,P2,P7,X2"
F9913HX,METER COVER ASSY,1,,,,,,,,,3,,"D,E",,"HE,PR",,"P1,P2,P7,X2"
F9913DP,BLIND COVER,1,,,,,,,,,3,,N,,PR,,"P1,P2,P7,X2"
F9913KS,METER COVER ASSY,1,2,,,,,,,,1,,"D,E",,"HE,X2",,"P1,P2,P7,PR"
F9913HA,METER COVER ASSY,1,2,,,,,,,,3,,"D,E",,HE,,"P1,P2,P7,PR,X2"
F9913GS,METER COVER ASSY,1,2,,,,,,,,3,,"D,E",,X2,,"HE,P1,P2,P7,PR"
F9913HS,METER COVER ASSY,1,2,,,,,,,,3,,"D,E",,"HE,X2",,"P1,P2,P7,PR"
F9913TJ,Case 1 - Blind Cover,1,2,,,,,,,,1,,N,,,,"P1,P2,P7,PR,X2"
F9913VJ,Case 1 - Blind Cover with /X2,1,2,,,,,,,,1,,N,,X2,,"P1,P2,P7,PR"
F9913CJ,BLIND COVER,1,2,,,,,,,,3,,N,,,,"P1,P2,P7,PR,X2"
F9913DJ,BLIND COVER,1,2,,,,,,,,3,,N,,X2,,"P1,P2,P7,PR"
F9805ZT,LABEL,1,,,,,,,,,,,,,,,
G9330DB,Red cap for EC (EJA110 or 430 or 530) & Process connection (EJA530 - 4),1,,,,,,,,,,"2,4",,,,,
F9900GL,PLUG,1,,,,,,,,,"1,2",A,,,,,JF3
F9913MZ,Blind Plug - SS304 M20,1,,,,,,,,,"1,2,3",C,,,,,
F9900GK,Blind Plug - SS316 M20,1,,,,,,,,,"1,2,3",D,,,,,
F9900GQ,Blind Plug - SS304 G1/2,1,,,,,,,,,1,5,,,,,HE
F9900GY,PLUG,1,,,,,,,,,1,5,,,HE,,
F9913MY,Blind Plug - SS304 1/2 NPT (E-Conn 7),1,,,,,,,,,"1,3",7,,,,,
F9900GP,Blind Plug - SS304 M20,1,,,,,,,,,"1,3",9,,,,,HE
F9900GX,PLUG,1,,,,,,,,,"1,3",9,,,HE,,
G9330DB,Red cap for EC (EJA110 or 430 or 530) & Process connection (EJA530 - 4),1,,,,,,,,,,"0,2,4,5,7,9,A,C,D",,,,,PP
F9900GB,Gasket for SS316 Blind Plug (M20),1,,,,,,,,,,"A,D",,,,,HE
F9900GW,O-RING,1,,,,,,,,,,"A,D",,,HE,,
F9903HF,BLIND COVER,1,,"EJA110E,EJA120E,EJA130E,EJA310E,EJA430E,EJA440E",,,,,,,2,,N,,X2,,"P1,P2,P7,PR"
F9903HG,METER COVER ASSY,1,,"EJA110E,EJA120E,EJA130E,EJA310E,EJA430E,EJA440E",,,,,,,2,,"D,E",,X2,,"HE,P1,P2,P7,PR"
F9903HH,METER COVER ASSY,1,,"EJA110E,EJA120E,EJA130E,EJA310E,EJA430E,EJA440E",,,,,,,2,,"D,E",,"HE,X2",,"P1,P2,P7,PR"
F9970ZA,O-RING,2,,"EJA110E,EJA110J,EJA430E,EJA430J,EJA310E,EJA310J",,,S,"B,C,D,E,F,G,P,Q,R,T",,,,,,,,,
F9149CT,BALL,1,,"EJA110E,EJA110J",,,,"P,Q,R",,9,,,,,,,
F9970YB,SEAL SCREW,1,,"EJA110E,EJA110J",,,,"P,Q,R",,9,,,,,,,
F9275ZZ,Oil free label for /K1 or /K2 option,1,,,,,,,,,,,,,,"K1,K2,K41,K42",
F9900MK,LABEL,1,,,,,,,,,,,,,,"K45,K46,K5,K6",
F9340ND,Oil prohibuted use label (to past on Trx. Poly cover incase of /K1 or /K2 or /K5 or /K6),1,,,,,,,,,,,,,,"K1,K11,K12,K15,K16,K2,K41,K42,K45,K46,K5,K6",
F9340NJ,Label for Process connector incase of /K1 or /K2 or /K5 or /K6,1,,"EJA110E,EJA120E,EJA130E",,,,"1,2,3,4",,,,,,,,"K1,K2,K41,K42,K45,K46,K5,K6","WG1,WH1"
C1016EZ,SOLID SUB-MATERIALS,1,,,,,,,,,,,,,,"K15,K16,K45,K46,K5,K6",
F9203ZA,White Cap for flange cover incase of /K1 or /K2 or /K5 or /K6,2,,"EJA110E,EJA110J,EJA120E,EJA120J,EJA130E",,,,,,,,,,,,"K1,K2,K41,K42,K45,K46,K5,K6","BS,WG1,WH1"
F9203ZA,White Cap for flange cover incase of /K1 or /K2 or /K5 or /K6,1,,"EJA310E,EJA310J,EJA430E,EJA430J,EJA440E",,,,,,,,,,,,"K1,K2,K41,K42,K45,K46,K5,K6",
X9930CX,POLY BAG,1,,,,,,"0,1,2,3,4,5,B,C,D,E,F,G,W",,,,,,,,"K1,K11,K12,K15,K16,K2,K41,K42,K45,K46,K5,K6",
X9930CX,POLY BAG,1,,,,,,"1,2,3,4",,,,,,,,"K1,K2,K41,K42,K45,K46,K5,K6",
F9900RM,SS316 Tag plate when /N4,1,,,,,,,,,,,,,,N4,
F9900GG,Ring for Tag plate when /N4,1,,,,,,,,,,,,,,N4,
F9340XU,Kidney Falnge for Option code /N2 or /N3,2,,"EJA110E,EJA110J,EJA120E,EJA120J,EJA130E",,,"H,M,S,T",,,9,,,,N,,"N2,N3",
F9340XU,Kidney Falnge for Option code /N2 or /N3,1,,"EJA310E,EJA310J,EJA430E,EJA430J",,,"H,M,S,T",,,9,,,,N,,"N2,N3",
F9340GN,O-Ring for Kidney flanges,2,,"EJA110E,EJA110J,EJA120E,EJA120J,EJA130E",,,"H,M,S,T",,,9,,,,N,,"N2,N3",
F9340GN,O-Ring for Kidney flanges,1,,"EJA310E,EJA310J,EJA430E,EJA430J,EJA440E",,,"H,M,S,T",,,9,,,,N,,"N2,N3",
F9900AU,Process Connector Bolt - B7 Carbon Steel (Code-J),4,,"EJA110E,EJA110J,EJA120E,EJA120J,EJA130E",,,"H,M,S,T",,J,9,,,,N,,"N2,N3",
F9900AU,Process Connector Bolt - B7 Carbon Steel (Code-J),2,,"EJA310E,EJA310J,EJA430E,EJA430J,EJA440E",,,"H,M,S,T",,J,9,,,,N,,"N2,N3",
F9900AS,Process Connector Bolt - SS316L (Code-G),4,,"EJA110E,EJA110J,EJA120E,EJA120J,EJA130E",,,"H,M,S,T",,G,9,,,,N,,"N2,N3",
F9900AS,Process Connector Bolt - SS316L (Code-G),2,,"EJA310E,EJA310J,EJA430E,EJA430J,EJA440E",,,"H,M,S,T",,G,9,,,,N,,"N2,N3",
F9340AZ,"P.C bolt for ""C""",4,,"EJA110E,EJA110J,EJA120E,EJA120J,EJA130E",,,"H,M,S,T",,C,9,,,,N,,"N2,N3",
F9340AZ,"P.C bolt for ""C""",2,,"EJA310E,EJA310J,EJA430E,EJA430J,EJA440E",,,"H,M,S,T",,C,9,,,,N,,"N2,N3",
F9340NJ,Label for Process connector incase of /K1 or /K2 or /K5 or /K6,1,,"EJA310E,EJA430E,EJA440E",,,,"1,2,3,4",,,,,,,,"K1,K2,K41,K42,K45,K46,K5,K6",
F9203ZA,White Cap for flange cover incase of /K1 or /K2 or /K5 or /K6,1,,"EJA110E,EJA110J,EJA120E,EJA120J",,,,,,,,,,,BS,"K1,K2,K41,K42,K45,K46,K5,K6",
F9203ZA,White Cap for flange cover incase of /K1 or /K2 or /K5 or /K6,2,,"EJA110E,EJA120E,EJA130E",,,,"0,1,3,5",,,,,,,WG1,"K1,K2,K41,K42,K45,K46,K5,K6",BS
G9330DB,Red cap for EC (EJA110 or 430 or 530) & Process connection (EJA530 - 4),2,,"EJA110E,EJA120E,EJA130E",,,,"2,4",,,,,,,WG1,"K1,K2,K41,K42,K45,K46,K5,K6",BS
F9203ZA,White Cap for flange cover incase of /K1 or /K2 or /K5 or /K6,2,,"EJA110E,EJA120E,EJA130E",,,,"0,1,3,5",,,,,,,WH1,"K1,K2,K41,K42,K45,K46,K5,K6",BS
G9330DB,Red cap for EC (EJA110 or 430 or 530) & Process connection (EJA530 - 4),2,,"EJA110E,EJA120E,EJA130E",,,,"2,4",,,,,,,WH1,"K1,K2,K41,K42,K45,K46,K5,K6",BS
F9340NJ,Label for Process connector incase of /K1 or /K2 or /K5 or /K6,1,,"EJA110E,EJA120E,EJA130E",,,,"1,2,3,4",,,,,,,"BS,WG1","K1,K2,K41,K42,K45,K46,K5,K6",
F9340NJ,Label for Process connector incase of /K1 or /K2 or /K5 or /K6,1,,"EJA110E,EJA120E,EJA130E",,,,"1,2,3,4",,,,,,,"BS,WH1","K1,K2,K41,K42,K45,K46,K5,K6",
F9900RF,Certification Tag Plate,1,,,,,,,,,,,,,,"FU1,FS1,FF1,CU1,CS1,CF1,NF2,KU22,KS21,KF22,KN26,KS2,SF2,NS21,PF22,PF23,PS21,GF11,GS11,GS16,GU11,SU21,US1,UF1,JS4,NS25,NF21,GF21,GS21,GU21,GF12,GS12,GU12,KS26,SS26,FS15,CS15,SF22,SU22",
F9910NP,EX PLATE,1,,,,,,,,,,"0,5,A",,,NF2,,
F9910NG,EX PLATE,1,,"EJA110E,EJA120E,EJA130E,EJA310E,EJA430E,EJA440E","D,F,G,J,Q",,,,,,,,,,SF22,,
F9910ND,EX PLATE,1,,"EJA110E,EJA120E,EJA130E,EJA310E,EJA430E,EJA440E","D,J",,,,,,,,,,SU22,,
F9900RG,"Screw - Name Plate, Tag Plate & Cert. Tag Plate for Case-1 or 3",2,,,,,,,,,"1,3",,,,,"GF21,GS21,GU21,KF22,KN26,KS21,KS26,KU22,PF22,PF23,PS21,SF2,SF22,SS26,SU21,SU22,UF1,US1",
F9900RG,"Screw - Name Plate, Tag Plate & Cert. Tag Plate for Case-1 or 3",2,,,,,,,,,"1,3",,,,,"CF1,CS1,CS15,CU1,FF1,FS1,FS15,FU1,GF11,GF12,GS11,GS12,GS16,GU11,GU12,JS4,NF2,NF21,NS21,NS25",
F9900RR,"Screw - Name Plate, Tag Plate & Cert. Tag Plate for Case-2",2,,,,,,,,,2,,,,,"GF21,GS21,GU21,KF22,KN26,KS21,KS26,KU22,PF22,PF23,PS21,SF2,SF22,SS26,SU21,SU22,UF1,US1",
F9900RR,"Screw - Name Plate, Tag Plate & Cert. Tag Plate for Case-2",2,,,,,,,,,2,,,,,"CF1,CS1,CS15,CU1,FF1,FS1,FS15,FU1,GF11,GF12,GS11,GS12,GS16,GU11,GU12,NF2,NF21,NS21,NS25",
F9900RP,Cover lock screw (bolt) incase of Flame proof cert.- case 1 or 2,2,,,,,,,,,"1,2",,,,,"GF11,GF12,GF21,GU11,GU12,GU21,JF3,KF22,KU22,NF2,NF21,PF22,PF23,SF2,SF22,SU21,SU22,UF1",
F9913MB,Cover lock screw (bolt) incase of Flame proof cert. - case 3,2,,,,,,,,,3,,,,,"GF11,GF12,GF21,GU11,GU12,GU21,JF3,KF22,KU22,NF2,NF21,PF22,PF23,SF2,SF22,SU21,SU22,UF1",
F9900LF,LABEL,1,,"EJA110E,EJA110J",,"H,L,M,V","L,S",,,,1,,N,,JF3,,"HD,HD2"
F9900LG,LABEL,1,,"EJA110E,EJA110J",,"H,L,M,V","L,S",,,,1,,"D,E",,JF3,,"HD,HD2"
F9900LH,LABEL,1,,"EJA110E,EJA110J",,F,S,,,,1,,N,,JF3,,
F9900LJ,LABEL,1,,"EJA110E,EJA110J",,F,S,,,,1,,"D,E",,JF3,,
F9900LF,LABEL,1,,"EJA430E,EJA310E,EJA440E,EJA430J,EJA310J,EJA440J",,,"L,S",,,,1,,N,,JF3,,
F9900LG,LABEL,1,,"EJA430E,EJA310E,EJA440E,EJA430J,EJA310J,EJA440J",,,"L,S",,,,1,,"D,E",,JF3,,
F9900LU,LABEL,1,,"EJA110E,EJA110J",,,"A,H,W",,,,1,,N,,JF3,,
F9900LV,LABEL,1,,"EJA110E,EJA110J",,,"A,H,W",,,,1,,"D,E",,JF3,,
F9900LU,LABEL,1,,"EJA430E,EJA430J",,,"A,H,W",,,,1,,N,,JF3,,
F9900LV,LABEL,1,,"EJA430E,EJA430J",,,"A,H,W",,,,1,,"D,E",,JF3,,
F9900LW,LABEL,1,,"EJA110E,EJA110J",,,"D,T",,,,1,,N,,JF3,,
F9900LX,LABEL,1,,"EJA110E,EJA110J",,,"D,T",,,,1,,"D,E",,JF3,,
F9900LW,LABEL,1,,"EJA430E,EJA430J",,,"D,T",,,,1,,N,,JF3,,
F9900LX,LABEL,1,,"EJA430E,EJA430J",,,"D,T",,,,1,,"D,E",,JF3,,
F9900LY,LABEL,1,,"EJA110E,EJA110J",,,"B,M",,,,1,,N,,JF3,,
F9900LZ,LABEL,1,,"EJA110E,EJA110J",,,"B,M",,,,1,,"D,E",,JF3,,
F9900LY,LABEL,1,,"EJA430E,EJA430J",,,"B,M",,,,1,,N,,JF3,,
F9900LZ,LABEL,1,,"EJA430E,EJA430J",,,"B,M",,,,1,,"D,E",,JF3,,
F9900LH,LABEL,1,,"EJA110E,EJA110J",,"H,M",S,,,,1,,N,,JF3,"HD,HD2",
F9900LJ,LABEL,1,,"EJA110E,EJA110J",,"H,M",S,,,,1,,"D,E",,JF3,"HD,HD2",
F9900LT,LABEL,1,,,"D,J",,,,,,1,,,,JS4,,
F9341KQ,LABEL,1,,,,,,,,,,,,,JF3,,
G9601AM,GLAND,1,,,,,,,,,,"0,5",,,G11,,
G9601AM,GLAND,2,,,,,,,,,,"0,5",,,G12,,
G9339AB,CARD,1,,,,,,,,,,,,,,G11,
G9339AB,CARD,2,,,,,,,,,,,,,,G12,
B1030EN,GLAND,1,,,,,,,,,,"0,5,A",,,NF2,,
F9810AJ,CARD,1,,,,,,,,,,"0,5,A",,,NF2,,
F9910LZ,LABEL,1,,,,,,,,,,"4,9,D",,,,"FF1,FU1",
F9220NX,ENGLISH IM,1,,,,,,,,,,,,,JH06,,
F9096KK,LABEL,1,,"EJA110E,EJA120E,EJA130E,EJA310E,EJA430E,EJA440E",,,,,,,,,,,,"UF1,US1",
F9901DA,EJA***E UK-DOC,1,,"EJA110E,EJA120E,EJA130E,EJA310E,EJA430E,EJA440E",,,,,,,,,,,UK,"KF22,KN26,KS21,KS26,KU22",
F9901BT,EJA-E SERIES EU-DOC,1,,"EJA110E,EJA120E,EJA130E,EJA310E,EJA430E,EJA440E",,,,,,,,,,,,"KF22,KN26,KS21,KS26,KU22",
F9901EB,IM,1,,"EJA110E,EJA110J,EJA120E,EJA120J,EJA130E,EJA310E,EJA310J,EJA430E,EJA430J,EJA440E",,,,,,,,,,,,"NF2,NF21,NS21,NS25",
F9901EA,IM,1,,"EJA110E,EJA120E,EJA130E,EJA310E,EJA430E,EJA440E",,,,,,,,,,,,"PF22,PF23,PS21",
F9901EC,IM,1,,"EJA110E,EJA120E,EJA130E,EJA310E,EJA430E,EJA440E",,,,,,,,,,,,"UF1,US1",
F9901EH,IM,1,,"EJA110E,EJA110J,EJA120E,EJA120J,EJA130E,EJA310E,EJA310J,EJA430E,EJA430J,EJA440E","D,J",,,,,,,,,,J12,,
F9901EL,IM,1,,"EJA110E,EJA110J,EJA120E,EJA120J,EJA130E,EJA310E,EJA310J,EJA430E,EJA430J,EJA440E",,,,,,,,,,,JH05,,SLT
F9903HU,BUG FILTER,1,,"EJA110E,EJA110J,EJA120E,EJA120J,EJA440E,EJA430J,EJA430E",,,,"0,1,2,C,Q",,,,,,,BS,,
F9903HV,BUG FILTER,1,,"EJA110E,EJA110J,EJA120E,EJA120J,EJA440E,EJA430J,EJA430E",,,,"3,4,5,D,R",,,,,,,BS,,
F9903HV,BUG FILTER,1,,EJA430E,,,,"B,G",,"2,3,6,7,8,9,B",,,,,BS,,
F9903HV,BUG FILTER,2,,EJA430E,,,,"B,G",,U,,,,,BS,,
F9900GK,Blind Plug - SS316 M20,1,,,,,,,,,"1,2,3",D,,,PP,,
F9900GL,PLUG,1,,,,,,,,,"1,2",A,,,PP,,JF3
F9900GP,Blind Plug - SS304 M20,1,,,,,,,,,"1,3",9,,,PP,,HE
F9900GQ,Blind Plug - SS304 G1/2,1,,,,,,,,,1,5,,,PP,,HE
F9900GX,PLUG,1,,,,,,,,,"1,3",9,,,"HE,PP",,
F9900GY,PLUG,1,,,,,,,,,1,5,,,"HE,PP",,
F9913MY,Blind Plug - SS304 1/2 NPT (E-Conn 7),1,,,,,,,,,"1,3",7,,,PP,,
F9913MZ,Blind Plug - SS304 M20,1,,,,,,,,,"1,2,3",C,,,PP,,
F9900GB,Gasket for SS316 Blind Plug (M20),1,,,,,,,,,,"A,D",,,PP,,HE
F9900GW,O-RING,1,,,,,,,,,,"A,D",,,"HE,PP",,
F9913TS,"Meter Cover for Case""1""",1,2,,,,,,,,1,,"D,E",,,,"HE,P1,P2,P7,PR,X2"
F9341JD,Spring for Meter cover,1,2,,,,,,,,1,,"D,E",,,,"HE,P1,P2,P7,PR,X2"
F9341JE,Ring for Meter cover,1,2,,,,,,,,1,,"D,E",,,,"HE,P1,P2,P7,PR,X2"
F9341JQ,O-ring for Meter cover W/O /HE ,1,2,,,,,,,,1,,"D,E",,,,"HE,P1,P2,P7,PR,X2"
F9341JA,Meter cover Glass,1,2,,,,,,,,1,,"D,E",,,,"HE,P1,P2,P7,PR,X2"
F9913VS,"Meter Cover for Case""1"" with /X2",1,2,,,,,,,,1,,"D,E",,X2,,"HE,P1,P2,P7,PR"
F9341JD,Spring for Meter cover,1,2,,,,,,,,1,,"D,E",,X2,,"HE,P1,P2,P7,PR"
F9341JE,Ring for Meter cover,1,2,,,,,,,,1,,"D,E",,X2,,"HE,P1,P2,P7,PR"
F9341JQ,O-ring for Meter cover W/O /HE ,1,2,,,,,,,,1,,"D,E",,X2,,"HE,P1,P2,P7,PR"
F9341JA,Meter cover Glass,1,2,,,,,,,,1,,"D,E",,X2,,"HE,P1,P2,P7,PR"
F9913SE,"Meter Cover for Case""2""",1,,,,,,,,,2,,"D,E",,,,"HE,PR,X2"
F9341JD,Spring for Meter cover,1,,,,,,,,,2,,"D,E",,,,"HE,PR,X2"
F9341JE,Ring for Meter cover,1,,,,,,,,,2,,"D,E",,,,"HE,PR,X2"
F9341JQ,O-ring for Meter cover W/O /HE ,1,,,,,,,,,2,,"D,E",,,,"HE,PR,X2"
F9341JA,Meter cover Glass,1,,,,,,,,,2,,"D,E",,,,"HE,PR,X2"
F9913CS,"Meter Cover for Case""3""",1,2,,,,,,,,3,,"D,E",,,,"HE,P1,P2,P7,PR,X2"
F9341JD,Spring for Meter cover,1,2,,,,,,,,3,,"D,E",,,,"HE,P1,P2,P7,PR,X2"
F9341JE,Ring for Meter cover,1,2,,,,,,,,3,,"D,E",,,,"HE,P1,P2,P7,PR,X2"
F9341JQ,O-ring for Meter cover W/O /HE ,1,2,,,,,,,,3,,"D,E",,,,"HE,P1,P2,P7,PR,X2"
F9341JA,Meter cover Glass,1,2,,,,,,,,3,,"D,E",,,,"HE,P1,P2,P7,PR,X2"
F9913TS,"Meter Cover for Case""1""",1,2,,,,,,,,1,,"D,E",,HE,,"P1,P2,P7,PR,X2"
F9341JD,Spring for Meter cover,1,2,,,,,,,,1,,"D,E",,HE,,"P1,P2,P7,PR,X2"
F9341JE,Ring for Meter cover,1,2,,,,,,,,1,,"D,E",,HE,,"P1,P2,P7,PR,X2"
F9900GU,Meter Cover Assy. O-ring for /HE,1,2,,,,,,,,1,,"D,E",,HE,,"P1,P2,P7,PR,X2"
F9341JA,Meter cover Glass,1,2,,,,,,,,1,,"D,E",,HE,,"P1,P2,P7,PR,X2"
F9275EG,Vent plug needle for all /K series,2,,"EJA110E,EJA110J,EJA130E,EJA120E,EJA120J",,"H,M,V",S,"0,1,2,3,4,5",,"2,3,6,7",,,,,,"K1,K2,K41,K42,K45,K46,K5,K6","MG1,MH1,UN"
F9275EG,Vent plug needle for all /K series,1,,"EJA310E,EJA310J,EJA430E,EJA430J,EJA440E",,,S,"0,1,2,3,4,5",,"2,3,6,7",,,,,,"K1,K2,K41,K42,K45,K46,K5,K6","MG1,MH1,UN"
F9275EG,Vent plug needle for all /K series,2,,"EJA110E,EJA110J,EJA130E,EJA120E,EJA120J",,"H,M,V",S,"0,1,2,3,4,5",,"8,9,B,U",,,,,,"K1,K2,K41,K42,K45,K46,K5,K6","GS,MG1,MH1,N1,N2,N3,UN"
F9275EG,Vent plug needle for all /K series,1,,"EJA310E,EJA310J,EJA430E,EJA430J,EJA440E",,,S,"0,1,2,3,4,5",,"8,9,B,U",,,,,,"K1,K2,K41,K42,K45,K46,K5,K6","GS,MG1,MH1,N1,N2,N3,UN"
F9275EG,Vent plug needle for all /K series,1,,"EJA110E,EJA110J",,"H,M,V",S,"C,D,E,F,Q,R",,9,,,,,,"K11,K12,K15,K16","MD2,MD3"
Y9400ET,Ret ring for /K series,2,,"EJA110E,EJA110J,EJA130E,EJA120E,EJA120J",,"H,M,V",S,"0,1,2,3,4,5",,"2,3,6,7",,,,,,"K1,K2,K41,K42,K45,K46,K5,K6","MG1,MH1,UN"
Y9400ET,Ret ring for /K series,1,,"EJA310E,EJA310J,EJA430E,EJA430J,EJA440E",,,S,"0,1,2,3,4,5",,"2,3,6,7",,,,,,"K1,K2,K41,K42,K45,K46,K5,K6","MG1,MH1,UN"
Y9400ET,Ret ring for /K series,2,,"EJA110E,EJA110J,EJA130E,EJA120E,EJA120J",,"H,M,V",S,"0,1,2,3,4,5",,"8,9,B,U",,,,,,"K1,K2,K41,K42,K45,K46,K5,K6","GS,MG1,MH1,N1,N2,N3,UN"
Y9400ET,Ret ring for /K series,1,,"EJA310E,EJA310J,EJA430E,EJA430J,EJA440E",,,S,"0,1,2,3,4,5",,"8,9,B,U",,,,,,"K1,K2,K41,K42,K45,K46,K5,K6","GS,MG1,MH1,N1,N2,N3,UN"
Y9400ET,Ret ring for /K series,1,,"EJA110E,EJA110J",,"H,M,V",S,"C,D,E,F,Q,R",,9,,,,,,"K11,K12,K15,K16","MD2,MD3"
